Name,Kind,DefaultValue,File,Line,Purpose
AbilitySystem.Fix.AllowNonInstancedAbilities,CVarRef(int32),0,Engine/Plugins/Runtime/GameplayAbilities/Source/GameplayAbilities/Private/Abilities/GameplayAbility.cpp,35,Allow deprecated NonInstanced ability instancing policy (removed UE5.5)
AbilitySystem.ShowClientMakeOutgoingSpecs,CVarRef(int32),0,Engine/Plugins/Runtime/GameplayAbilities/Source/GameplayAbilities/Private/Abilities/GameplayAbility.cpp,38,Display all GameplayEffect specs created on non-authority clients
AbilitySystem.DeprecateReplicatedProperties,CVarRef(int32),2,Engine/Plugins/Runtime/GameplayAbilities/Source/GameplayAbilities/Private/Abilities/GameplayAbility.cpp,42,Deprecate replicated properties; 2 = yes except during automation
AbilitySystem.WarnCooldownEffectWithoutTags,CVarRef(int32),1,Engine/Plugins/Runtime/GameplayAbilities/Source/GameplayAbilities/Private/Abilities/GameplayAbility.cpp,52,Warn when CooldownGameplayEffectClass grants no tags
AbilitySystem.ClearAbilityTimers,CVarRef(int),1,Engine/Plugins/Runtime/GameplayAbilities/Source/GameplayAbilities/Private/Abilities/GameplayAbility.cpp,58,Call ClearAllTimersForObject as part of EndAbility
AbilitySystem.UseReplicationConditionForActiveGameplayEffects,CVarRef(bool),true,Engine/Plugins/Runtime/GameplayAbilities/Source/GameplayAbilities/Private/AbilitySystemComponent.cpp,42,Runtime replication condition for ActiveGameplayEffects (skip custom NetDeltaSerialize logic)
AbilitySystem.Fix.ReplicateAbilitiesToSimulatedProxies,CVarRef(bool),false,Engine/Plugins/Runtime/GameplayAbilities/Source/GameplayAbilities/Private/AbilitySystemComponent.cpp,45,Replicate abilities to SimulatedProxies (default off)
AbilitySystem.Fix.ForceReplicationAlsoUpdatesReplicatedProxyInterface,CVarRef(bool),true,Engine/Plugins/Runtime/GameplayAbilities/Source/GameplayAbilities/Private/AbilitySystemComponent.cpp,48,ForceReplication also forces the ReplicationProxy (prompt Cue/Tag replication)
AbilitySystem.DenyClientActivations,CVarRef(int32),0,Engine/Plugins/Runtime/GameplayAbilities/Source/GameplayAbilities/Private/AbilitySystemComponent_Abilities.cpp,1484,Server denies next X client ability activations (misprediction testing; non-shipping)
AbilitySystem.ClientActivateAbilityFailedPrintDebugThreshhold,CVarRef(int32),-1,Engine/Plugins/Runtime/GameplayAbilities/Source/GameplayAbilities/Private/AbilitySystemComponent_Abilities.cpp,2274,Threshold for printing ClientActivateAbilityFailed debug
AbilitySystem.ClientActivateAbilityFailedPrintDebugThreshholdTime,CVarRef(float),3.0,Engine/Plugins/Runtime/GameplayAbilities/Source/GameplayAbilities/Private/AbilitySystemComponent_Abilities.cpp,2277,Time window for failed-activation debug print threshold
AbilitySystem.ServerRPCBatching.Log,CVarRef(int32),0,Engine/Plugins/Runtime/GameplayAbilities/Source/GameplayAbilities/Private/AbilitySystemComponent_Abilities.cpp,4161,Log server RPC batching
replay.MontageErrorThreshold,CVarTAuto(float),0.5,Engine/Plugins/Runtime/GameplayAbilities/Source/GameplayAbilities/Private/AbilitySystemComponent_Abilities.cpp,49,Tolerance for montage position correction in replays
AbilitySystem.SetActivationInfoMultipleTimes,CVarTAuto(bool),false,Engine/Plugins/Runtime/GameplayAbilities/Source/GameplayAbilities/Private/AbilitySystemComponent_Abilities.cpp,50,Workaround if replicated abilities are not setting owning actors correctly
AbilitySystem.Fix.ClientSideMontageBlendOutTime,CVarTAuto(bool),true,Engine/Plugins/Runtime/GameplayAbilities/Source/GameplayAbilities/Private/AbilitySystemComponent_Abilities.cpp,51,Replicate Montage BlendOutTime for recently stopped montages
AbilitySystem.UpdateMontageSectionIdToPlay,CVarTAuto(bool),true,Engine/Plugins/Runtime/GameplayAbilities/Source/GameplayAbilities/Private/AbilitySystemComponent_Abilities.cpp,52,During tick update the section ID replicated montages should use
AbilitySystem.ReplicateMontageNextSectionId,CVarTAuto(bool),true,Engine/Plugins/Runtime/GameplayAbilities/Source/GameplayAbilities/Private/AbilitySystemComponent_Abilities.cpp,53,Apply replicated next section Id when skipping position replication
AbilitySystem.EnsureAbilitiesEndGracefully,CVarTAuto(bool),true,Engine/Plugins/Runtime/GameplayAbilities/Source/GameplayAbilities/Private/AbilitySystemComponent_Abilities.cpp,54,Check all abilities gracefully ended during ClearAllAbilities shutdown
AbilitySystem.AllowSimulatedMontageRestart,CVarTAuto(bool),true,Engine/Plugins/Runtime/GameplayAbilities/Source/GameplayAbilities/Private/AbilitySystemComponent_Abilities.cpp,55,Allow simulated montages to restart after lag timeouts
AbilitySystem.RecordAbilityInstancesOnClientSpecUpdates,CVarTAuto(bool),true,Engine/Plugins/Runtime/GameplayAbilities/Source/GameplayAbilities/Private/GameplayAbilityTypes.cpp,21,Record ability instances in spec PreReplicated/PostReplicated callbacks
AbilitySystem.GameplayCueNotifyMultipleRemoveEvents,CVarTAuto(bool),true,Engine/Plugins/Runtime/GameplayAbilities/Source/GameplayAbilities/Private/GameplayCueNotify_Actor.cpp,22,How many OnRemove/OnCeaseRelevant events execute per cue instance
AbilitySystem.GameplayCueFailLoads,CVarTAuto(bool),false,Engine/Plugins/Runtime/GameplayAbilities/Source/GameplayAbilities/Private/GameplayCueSet.cpp,49,Pretend all GameplayCues are unloaded (keep requesting loads)
AbilitySystem.GameplayEffects.MaxVersion,CVarTAuto(int32),CurrentVersion,Engine/Plugins/Runtime/GameplayAbilities/Source/GameplayAbilities/Private/GameplayEffect.cpp,97,Override Gameplay Effect current version (disables upgrade code paths)
AbilitySystem.Fix.PredictedTagApplication,CVarTAuto(bool),true,Engine/Plugins/Runtime/GameplayAbilities/Source/GameplayAbilities/Private/GameplayEffect.cpp,112,GE tag application uses same logic as Gameplay Cues for prediction
AbilitySystem.Fix.PendingGameplayEffectHeadNextAtTeardown,CVarTAuto(bool),true,Engine/Plugins/Runtime/GameplayAbilities/Source/GameplayAbilities/Private/GameplayEffect.cpp,118,Prevent Pending GE Head pointing to itself via Next at teardown (double delete)
AbilitySystem.Fix.AllPendingGameplayEffectsHeadNextsAtTeardown,CVarTAuto(bool),true,Engine/Plugins/Runtime/GameplayAbilities/Source/GameplayAbilities/Private/GameplayEffect.cpp,124,Same fix for all pending GE heads at teardown
AbilitySystem.Fix.VerboseLogDeletionOfPendingGameplayEffectsHead,CVarTAuto(bool),true,Engine/Plugins/Runtime/GameplayAbilities/Source/GameplayAbilities/Private/GameplayEffect.cpp,130,Verbose log each gameplay effect deletion
AbilitySystem.Fix.ActiveGEReplicationFix,CVarRef(int32),15 (bitmask 1|2|4|8),Engine/Plugins/Runtime/GameplayAbilities/Source/GameplayAbilities/Private/GameplayEffect.cpp,76,Experimental code mask for fixing Active Gameplay Effects replication
AbilitySystem.ActiveGameplayEffectOverflowBehavior,CVarRef(int32),3,Engine/Plugins/Runtime/GameplayAbilities/Source/GameplayAbilities/Private/GameplayEffect.cpp,90,Behavior of overflowing stacks for Active Gameplay Effects (0 = legacy)
AbilitySystem.AllowPredictiveStackingGEs,CVarRef(bool),true,Engine/Plugins/Runtime/GameplayAbilities/Source/GameplayAbilities/Private/GameplayEffect.cpp,95,Allow predictive application of stacking gameplay effects
AbilitySystem.Fix.UseModTagReqsOnAllGE,CVarRef(bool),true,Engine/Plugins/Runtime/GameplayAbilities/Source/GameplayAbilities/Private/GameplayEffect.cpp,101,Apply MustHave/MustNotHave tags to Instant and Periodic GEs (UE5.4 fix)
AbilitySystem.Fix.SkipUnmappedReferencesCheckForGameplayCues,CVarRef(bool),true,Engine/Plugins/Runtime/GameplayAbilities/Source/GameplayAbilities/Private/GameplayEffect.cpp,105,Skip bHasMoreUnmappedReferences check for GameplayCues (never worked)
AbilitySystem.Fix.GameplayEffects.ReturnAssetTagsViaGetOwnedGameplayTags,CVarRef(int32),2,Engine/Plugins/Runtime/GameplayAbilities/Source/GameplayAbilities/Private/GameplayEffect.cpp,109,Control asset tags returned via GetOwnedGameplayTags (2 = legacy + catch bad use)
AbilitySystem.Fix.ReplicateTagCountContainerWithIris,CVarTAuto(bool),false,Engine/Plugins/Runtime/GameplayAbilities/Source/GameplayAbilities/Private/GameplayEffectTypes.cpp,47,Use Iris serialization for Gameplay Tag Count Container (not working; legacy path used)
AbilitySystem.Fix.GESimOnlyTags,CVarTAuto(bool),true,Engine/Plugins/Runtime/GameplayAbilities/Source/GameplayAbilities/Private/GameplayEffectTypes.cpp,53,Active GEs use SimOnly tag replication state
GameplayEffectContext.WarnIfTryingToReplicateNotSupportedActorReference,CVarRef(bool),false,Engine/Plugins/Runtime/GameplayAbilities/Source/GameplayAbilities/Private/GameplayEffectTypes.cpp,39,Warn when replicating unsupported actor reference in EffectContext (non-shipping)
AbilitySystem.PredictionKey.MaxStaleKeysBeforeAck,CVarRef(int32),128 (32 x 4 local players),Engine/Plugins/Runtime/GameplayAbilities/Source/GameplayAbilities/Private/GameplayPrediction.cpp,23,How many prediction keys can be dropped before StaleKeyBehavior runs
AbilitySystem.PredictionKey.StaleKeyBehavior,CVarRef(int32),2,Engine/Plugins/Runtime/GameplayAbilities/Source/GameplayAbilities/Private/GameplayPrediction.cpp,28,Stale key handling: 0 CaughtUp; 1 Reject; 2 Drop
AbilitySystem.PredictionKey.DepChainBehavior,CVarRef(int32),1,Engine/Plugins/Runtime/GameplayAbilities/Source/GameplayAbilities/Private/GameplayPrediction.cpp,34,Dependent prediction-key chain semantics bitmask (3 = long-term correct)
AbilitySystem.PredictionKey.RepServerKeysAsAcknowledged,CVarRef(int32),0,Engine/Plugins/Runtime/GameplayAbilities/Source/GameplayAbilities/Private/GameplayPrediction.cpp,40,Send server-initiated keys as acknowledged to client (was true before UE5.4.2)
AbilitySystem.Fix.AllowPredictiveGEFlags,CVarRef(int32),0,Engine/Plugins/Runtime/GameplayAbilities/Source/GameplayAbilities/Private/AbilitySystemPrivate.h,22,Bitmask to re-open loopholes in predictive GameplayEffect removal rules
g.debug.vlog.AttributeGraph,CVarRef(int32),1 (ECVF_Cheat),Engine/Plugins/Runtime/GameplayAbilities/Source/GameplayAbilities/Private/AttributeSet.cpp,27,Record attribute changes into the Visual Logger
AbilitySystem.Fix.RecalcuateTargetDataSourceOnApply,CVarRef(int32),0,Engine/Plugins/Runtime/GameplayAbilities/Source/GameplayAbilities/Private/GameplayAbilityTargetTypes.cpp,16,Force recalculation of source tags/attributes on application (pre-5.7 behavior; CVar name typo is verbatim)
GameplayCue.Fix.UseEqualTagCountAndRemovalCallbacks,CVarRef(bool),true,Engine/Plugins/Runtime/GameplayAbilities/Source/GameplayAbilities/Private/GameplayCueInterface.cpp,32,Equal number of TagCountUpdated and Removal callbacks on RemoveCue
AbilitySystem.LogGameplayCueActorSpawning,CVarRef(int32),0,Engine/Plugins/Runtime/GameplayAbilities/Source/GameplayAbilities/Private/GameplayCueManager.cpp,39,Log when GameplayCueNotify_Actors are created
AbilitySystem.DisplayGameplayCues,CVarRef(int32),0,Engine/Plugins/Runtime/GameplayAbilities/Source/GameplayAbilities/Private/GameplayCueManager.cpp,42,Display GameplayCue events in world as text
AbilitySystem.DisableGameplayCues,CVarRef(int32),0,Engine/Plugins/Runtime/GameplayAbilities/Source/GameplayAbilities/Private/GameplayCueManager.cpp,45,Disable all GameplayCue events in the world
AbilitySystem.GameplayCue.DisplayDuration,CVarRef(float),5.0,Engine/Plugins/Runtime/GameplayAbilities/Source/GameplayAbilities/Private/GameplayCueManager.cpp,48,How long displayed GameplayCue text stays up
AbilitySystem.GameplayCue.RunOnDedicatedServer,CVarRef(int32),0,Engine/Plugins/Runtime/GameplayAbilities/Source/GameplayAbilities/Private/GameplayCueManager.cpp,51,Run gameplay cue events on dedicated server
AbilitySystem.GameplayCue.EnableSuppressCuesOnGameplayCueManager,CVarRef(bool),true,Engine/Plugins/Runtime/GameplayAbilities/Source/GameplayAbilities/Private/GameplayCueManager.cpp,54,Allow CueManager to suppress cues when bSuppressGameplayCues set on ASC
AbilitySystem.GameplayCueActorRecycle,CVarRef(int32),1,Engine/Plugins/Runtime/GameplayAbilities/Source/GameplayAbilities/Private/GameplayCueManager.cpp,312,Allow recycling of GameplayCue Actors
AbilitySystem.GameplayCueActorRecycleDebug,CVarRef(int32),0,Engine/Plugins/Runtime/GameplayAbilities/Source/GameplayAbilities/Private/GameplayCueManager.cpp,315,Print logs for GameplayCue actor recycling debugging
GameplayCue.AddToGlobalSet.DebugTag,CVarString,(empty),Engine/Plugins/Runtime/GameplayAbilities/Source/GameplayAbilities/Private/GameplayCueManager.cpp,940,Debug tag for adding cues to global set
AbilitySystem.GameplayCueCheckForTooManyRPCs,CVarRef(int32),1,Engine/Plugins/Runtime/GameplayAbilities/Source/GameplayAbilities/Private/GameplayCueManager.cpp,1014,Warn if gameplay cues are throttled by network code
AbilitySystem.AlwaysConvertGESpecToGCParams,CVarRef(int32),0,Engine/Plugins/Runtime/GameplayAbilities/Source/GameplayAbilities/Private/GameplayCueManager.cpp,1324,Always convert GameplayCue from GE Spec to GC Parameters on the server
AbilitySystem.ClearCueNotifyTimers,CVarRef(int),1,Engine/Plugins/Runtime/GameplayAbilities/Source/GameplayAbilities/Private/GameplayCueNotify_Actor.cpp,32,Call ClearAllTimersForObject when a cue is recycled
AbilitySystem.GameplayCueNotifyTagCheckOnRemove,CVarRef(int32),1,Engine/Plugins/Runtime/GameplayAbilities/Source/GameplayAbilities/Private/GameplayCueNotify_Actor.cpp,220,Check target no longer has tag when removing GameplayCues
GameplayCue.Translator.DebugTag,CVarString,(empty),Engine/Plugins/Runtime/GameplayAbilities/Source/GameplayAbilities/Private/GameplayCueTranslator.cpp,17,Debug tag in gameplay cue translation (non-shipping/test)
AbilitySystem.AbilityTask.MaxCount,CVarRef(int32),1000,Engine/Plugins/Runtime/GameplayAbilities/Source/GameplayAbilities/Private/Abilities/Tasks/AbilityTask.cpp,34,Global limit on number of extant AbilityTasks
AbilitySystem.AbilityTask.Debug.RecordingEnabled,CVarRef(int32),1 (non-shipping),Engine/Plugins/Runtime/GameplayAbilities/Source/GameplayAbilities/Private/Abilities/Tasks/AbilityTask.cpp,42,"0 disable; 1 non-shipping; 2 all builds - counts new AbilityTasks by type"
AbilitySystem.AbilityTask.Debug.SourceRecordingEnabled,CVarRef(bool),true,Engine/Plugins/Runtime/GameplayAbilities/Source/GameplayAbilities/Private/Abilities/Tasks/AbilityTask.cpp,49,Count AbilityTasks by class of the ability that created them
AbilitySystem.AbilityTask.Debug.AbilityTaskDebugPrintTopNResults,CVarRef(int32),5,Engine/Plugins/Runtime/GameplayAbilities/Source/GameplayAbilities/Private/Abilities/Tasks/AbilityTask.cpp,56,Print only top N results when printing ability task counts
AbilitySystem.AbilityTaskWarnIfBroadcastSuppress,CVarRef(int32),0,Engine/Plugins/Runtime/GameplayAbilities/Source/GameplayAbilities/Private/Abilities/Tasks/AbilityTask.cpp,195,Warn if an ability task broadcast is suppressed because the ability ended
AbilitySystem.DebugMoveToActorForce,CVarRef(int32),0,Engine/Plugins/Runtime/GameplayAbilities/Source/GameplayAbilities/Private/Abilities/Tasks/AbilityTask_ApplyRootMotionMoveToActorForce.cpp,21,Show debug info for MoveToActorForce (non-shipping/test)
AbilitySystem.PlayMontage.AggressiveEndTask,CVarRef(bool),true,Engine/Plugins/Runtime/GameplayAbilities/Source/GameplayAbilities/Private/Abilities/Tasks/AbilityTask_PlayMontageAndWait.cpp,13,Avoid multiple callbacks off an AbilityTask_PlayMontageAndWait node
AbilitySystem.PlayMontage.FireInterruptOnAnimEndInterrupt,CVarRef(bool),true,Engine/Plugins/Runtime/GameplayAbilities/Source/GameplayAbilities/Private/Abilities/Tasks/AbilityTask_PlayMontageAndWait.cpp,16,Fire Interrupt event if underlying AnimInstance ends interrupted
Net.GameplayCues.ShouldMarkStructDirtyAfterRemoval,CVarRef(bool),true,Engine/Plugins/Runtime/GameplayAbilities/Source/GameplayAbilities/Private/Serialization/MinimalGameplayCueReplicationProxyReplicationFragment.cpp,19,Increment LastSourceArrayReplicationKey after Gameplay Cue removals (Iris)
AbilitySystem.IgnoreCooldowns,CVarRef(bool),false (ECVF_Cheat),Engine/Plugins/Runtime/GameplayAbilities/Source/GameplayAbilities/Private/AbilitySystemGlobals.cpp,39,Ignore cooldowns for all Gameplay Abilities
AbilitySystem.IgnoreCosts,CVarRef(bool),false (ECVF_Cheat),Engine/Plugins/Runtime/GameplayAbilities/Source/GameplayAbilities/Private/AbilitySystemGlobals.cpp,40,Ignore costs for all Gameplay Abilities
AbilitySystem.GlobalAbilityScale,CVarRef(float),1.0 (ECVF_Cheat),Engine/Plugins/Runtime/GameplayAbilities/Source/GameplayAbilities/Private/AbilitySystemGlobals.cpp,42,Global scaling for montages / root motion tasks (testing only)
AbilitySystem.DebugDrawMaxDistance,CVarRef(float),2048.0,Engine/Plugins/Runtime/GameplayAbilities/Source/GameplayAbilities/Private/AbilitySystemDebugHUD.cpp,27,Max camera distance for ability-system debug drawing
GameplayTags.EnableDetailedStats,CVarRef(bool),false,Engine/Source/Runtime/GameplayTags/Private/GameplayTagContainer.cpp,44,Runtime toggle for verbose CPU profiling stats
GameplayTags.OldReplaysUseFastReplication,CVarRef(bool),true,Engine/Source/Runtime/GameplayTags/Private/GameplayTagContainer.cpp,47,Assume old replays used fast tag replication (pre-dynamic replication)
GameplayTags.PrintNetIndiceAssignment,CVarRef(int32),0,Engine/Source/Runtime/GameplayTags/Private/GameplayTagsManager.cpp,766,Log GameplayTag NetIndice assignment
GameplayTags.PrintReportOnShutdown,CVarRef(int32),0,Engine/Source/Runtime/GameplayTags/Private/GameplayTagsModule.cpp,30,Print gameplay tag replication report on shutdown (non-shipping/test)
GameplayTags.LruCacheSize,CVarTAuto(int32),3,Engine/Source/Runtime/GameplayTags/Private/GameplayTagsManager.cpp,105,Accelerate repeated RequestGameplayTagChildren searches at memory cost
AbilitySystem.Ability.Grant,Command,n/a,Engine/Plugins/Runtime/GameplayAbilities/Source/GameplayAbilities/Private/AbilitySystemCheatManagerExtension.cpp,581,Grant an ability to the player (ECVF_Cheat)
AbilitySystem.Ability.Cancel,Command,n/a,Engine/Plugins/Runtime/GameplayAbilities/Source/GameplayAbilities/Private/AbilitySystemCheatManagerExtension.cpp,597,Cancels a currently executing ability by partial name (ECVF_Cheat)
AbilitySystem.Ability.Activate,Command,n/a,Engine/Plugins/Runtime/GameplayAbilities/Source/GameplayAbilities/Private/AbilitySystemCheatManagerExtension.cpp,613,Activate a gameplay ability by tag/class/asset (ECVF_Cheat)
AbilitySystem.Ability.ListGranted,Command,n/a,Engine/Plugins/Runtime/GameplayAbilities/Source/GameplayAbilities/Private/AbilitySystemCheatManagerExtension.cpp,632,List abilities granted to local player (ECVF_Cheat)
AbilitySystem.Effect.ListActive,Command,n/a,Engine/Plugins/Runtime/GameplayAbilities/Source/GameplayAbilities/Private/AbilitySystemCheatManagerExtension.cpp,642,List active gameplay effects on the player (ECVF_Cheat)
AbilitySystem.Effect.Remove,Command,n/a,Engine/Plugins/Runtime/GameplayAbilities/Source/GameplayAbilities/Private/AbilitySystemCheatManagerExtension.cpp,648,Remove an active gameplay effect by handle/name (ECVF_Cheat)
AbilitySystem.Effect.Apply,Command,n/a,Engine/Plugins/Runtime/GameplayAbilities/Source/GameplayAbilities/Private/AbilitySystemCheatManagerExtension.cpp,675,Apply a gameplay effect on the player (ECVF_Cheat)
AbilitySystem.Debug.NextCategory,CommandWithWorld,n/a,Engine/Plugins/Runtime/GameplayAbilities/Source/GameplayAbilities/Private/AbilitySystemComponent.cpp,2512,Switch to next ShowDebug AbilitySystem category
AbilitySystem.Debug.SetCategory,CommandWithWorldAndArgs,n/a,Engine/Plugins/Runtime/GameplayAbilities/Source/GameplayAbilities/Private/AbilitySystemComponent.cpp,2518,Set ShowDebug AbilitySystem category
AbilitySystem.DebugBasicHUD,CommandWithWorldAndArgs,n/a,Engine/Plugins/Runtime/GameplayAbilities/Source/GameplayAbilities/Private/AbilitySystemDebugHUD.cpp,615,Toggle basic debug HUD for local player's ASC (non-shipping)
AbilitySystem.DebugAbilityTags,CommandWithWorldAndArgs,n/a,Engine/Plugins/Runtime/GameplayAbilities/Source/GameplayAbilities/Private/AbilitySystemDebugHUD.cpp,621,Toggle drawing ability tags on actors with ASCs (non-shipping)
AbilitySystem.DebugAttribute,CommandWithWorldAndArgs,n/a,Engine/Plugins/Runtime/GameplayAbilities/Source/GameplayAbilities/Private/AbilitySystemDebugHUD.cpp,627,Toggle drawing given attributes on actors with ASCs (non-shipping)
AbilitySystem.ClearDebugAttributes,CommandWithWorldAndArgs,n/a,Engine/Plugins/Runtime/GameplayAbilities/Source/GameplayAbilities/Private/AbilitySystemDebugHUD.cpp,633,Stop drawing all debugged attributes (non-shipping)
AbilitySystem.DebugIncludeModifiers,Command,n/a,Engine/Plugins/Runtime/GameplayAbilities/Source/GameplayAbilities/Private/AbilitySystemDebugHUD.cpp,639,Toggle showing modifiers alongside debugged attributes (non-shipping)
AbilitySystem.DebugBlockedAbilityTags,CommandWithWorldAndArgs,n/a,Engine/Plugins/Runtime/GameplayAbilities/Source/GameplayAbilities/Private/AbilitySystemDebugHUD.cpp,645,Toggle drawing blocked ability tags on actors with ASCs (non-shipping)
AbilitySystem.AbilityTask.Debug.PrintCounts,Command,n/a,Engine/Plugins/Runtime/GameplayAbilities/Source/GameplayAbilities/Private/Abilities/Tasks/AbilityTask.cpp,62,Print current AbilityTask counts by class
GameplayCue.PrintGameplayCueNotifyMap,CommandWithWorld,n/a,Engine/Plugins/Runtime/GameplayAbilities/Source/GameplayAbilities/Private/GameplayCueManager.cpp,1276,Display GameplayCue notify map
GameplayCue.PrintLoadedGameplayCueNotifyClasses,CommandWithWorld,n/a,Engine/Plugins/Runtime/GameplayAbilities/Source/GameplayAbilities/Private/GameplayCueManager.cpp,1287,Display loaded GameplayCue notify classes
GameplayCue.BuildGameplayCueTranslator,CommandWithWorld,n/a,Engine/Plugins/Runtime/GameplayAbilities/Source/GameplayAbilities/Private/GameplayCueManager.cpp,1820,Build the gameplay cue translation table
GameplayCue.PrintGameplayCueTranslator,CommandWithWorld,n/a,Engine/Plugins/Runtime/GameplayAbilities/Source/GameplayAbilities/Private/GameplayCueManager.cpp,1833,Print the gameplay cue translation table
GameplayCue.FilterCuesByTag,CommandWithArgs,n/a,Engine/Plugins/Runtime/GameplayAbilities/Source/GameplayAbilities/Private/GameplayCueSet.cpp,22,Add/remove a GameplayCue tag to the debug invocation filter
FindInvalidScalableFloats,CommandWithArgs,n/a,Engine/Plugins/Runtime/GameplayAbilities/Source/GameplayAbilities/Private/ScalableFloat.cpp,550,Search all assets for invalid scalable floats (slow)
FindCoefficientScalableFloats,CommandWithArgs,n/a,Engine/Plugins/Runtime/GameplayAbilities/Source/GameplayAbilities/Private/ScalableFloat.cpp,556,Search all assets for scalable floats with non-1 coefficient (slow)
GameplayTags.PrintReport,Command,n/a,Engine/Source/Runtime/GameplayTags/Private/GameplayTagContainer.cpp,2497,Print frequency of gameplay tags (non-shipping/test)
GameplayTags.PrintNetIndices,Command,n/a,Engine/Source/Runtime/GameplayTags/Private/GameplayTagContainer.cpp,2508,Print net indices for all known tags (non-shipping/test)
GameplayTags.PackingTest,Command,n/a,Engine/Source/Runtime/GameplayTags/Private/GameplayTagContainer.cpp,2545,Round-trip test of packed tag net-index serialization (non-shipping/test)
GameplayTags.PrintReplicationIndicies,Command,n/a,Engine/Source/Runtime/GameplayTags/Private/GameplayTagsManager.cpp,71,Print index assigned to each tag for fast net replication (non-shipping)
GameplayTags.PrintReplicationFrequencyReport,Command,n/a,Engine/Source/Runtime/GameplayTags/Private/GameplayTagsManager.cpp,84,Print frequency each tag is replicated (non-shipping/test)
GameplayTags.DumpSources,CommandWithOutputDevice,n/a,Engine/Source/Runtime/GameplayTags/Private/GameplayTagsManager.cpp,96,Dump all known sources of gameplay tags (WITH_EDITOR only)
GameplayAbilitiesEditor.HotReload,CommandWithArgs,n/a,Engine/Plugins/Runtime/GameplayAbilities/Source/GameplayAbilitiesEditor/Private/GameplayAbilitiesEditorModule.cpp,379,Recompile the gameplay abilities editor module (editor module)
