ID,StateKind,Direction,Mechanism,Condition,Reliability,Content,Coordinate
R01,Attribute values,Server->Client,Subobject replication (AttributeSet via ReplicateSubobjects),COND_None (per-property by game; GAS doc requires REPNOTIFY_Always),Reliable (property channel),FGameplayAttributeData BaseValue/CurrentValue floats,Engine/Plugins/Runtime/GameplayAbilities/Source/GameplayAbilities/Public/AttributeSet.h:48-53 + Private/AbilitySystemComponent.cpp:1940-1946
R02,Active GameplayEffects,Server->Client,FastArray NetDeltaSerialize,COND_Dynamic (CVar UseReplicationConditionForActiveGameplayEffects=true default) else in-code filter,Reliable (property channel),Spec+PredictionKey+GrantedAbilityHandles+StartServerWorldTime per item,Engine/Plugins/Runtime/GameplayAbilities/Private/GameplayEffect.cpp:5219-5269 + Public/GameplayEffect.h:1416-1431 + Private/AbilitySystemComponent.cpp:1849-1850
R03,Granted abilities (specs),Server->Client,FastArray (FGameplayAbilitySpecContainer),COND_ReplayOrOwner,Reliable,Handle/Ability/Level/InputID/DynamicTags/Triggers/ReplicatedInstances filtered by ShouldReplicateAbilitySpec,Engine/Plugins/Runtime/GameplayAbilities/Private/AbilitySystemComponent.cpp:1861-1862 + Public/GameplayAbilitySpec.h:300-338
R04,Prediction key ack table,Server->Owning client,FastArray (FReplicatedPredictionKeyMap 32-slot ring),COND_OwnerOnly,Reliable,acknowledged FPredictionKeys,Engine/Plugins/Runtime/GameplayAbilities/Private/AbilitySystemComponent.cpp:1868-1870 + Private/GameplayPrediction.cpp:686-707
R05,Gameplay tag counts,Server->Client,Replicated property (GameplayTagCountContainer new path),COND_None,Reliable,explicit tag counts + parent aggregation,Engine/Plugins/Runtime/GameplayAbilities/Private/AbilitySystemComponent.cpp:1858 + Public/GameplayEffectTypes.h:1101
R06,Loose tag counts (legacy),Server->Owning client,Replicated property ReplicatedLooseTags,COND_None (deprecated UE 5.7),Reliable,tag count map CountToOwner,Engine/Plugins/Runtime/GameplayAbilities/Public/AbilitySystemComponent.h:1941-1943
R07,Minimal tags (sim proxies),Server->Non-owner clients,Replicated property MinimalReplicationTags,COND_SkipOwner (deprecated UE 5.7),Reliable,tag presence for simulated proxies,Engine/Plugins/Runtime/GameplayAbilities/Private/AbilitySystemComponent.cpp:1872-1874 + Public/AbilitySystemComponent.h:1921-1923
R08,Active persistent cues,Server->Client,FastArray (FActiveGameplayCueContainer),COND_None,Reliable,cue tag + prediction key + params,Engine/Plugins/Runtime/GameplayAbilities/Private/AbilitySystemComponent.cpp:1854 + Public/GameplayCueInterface.h:130
R09,Minimal cue proxy (sim proxies),Server->Non-owner clients,Replicated property MinimalReplicationGameplayCues,COND_SkipOwner + custom ShouldReplicate,Reliable,cue events for simulated proxies,Engine/Plugins/Runtime/GameplayAbilities/Private/AbilitySystemComponent.cpp:1873 + 1879-1886
R10,Montage state,Server->Client,Replicated USTRUCT with NetSerialize (FGameplayAbilityRepAnimMontage),COND_None,Reliable,montage/section/position/playrate,Engine/Plugins/Runtime/GameplayAbilities/Private/AbilitySystemComponent.cpp:1855 + Public/Abilities/GameplayAbilityRepAnimMontage.h:104
R11,Blocked input bindings,Server->Owning client,Replicated property,COND_OwnerOnly,Reliable,TArray<uint8> counts,Engine/Plugins/Runtime/GameplayAbilities/Private/AbilitySystemComponent.cpp:1868-1869
R12,Attribute set subobjects,Server->Client,ActorChannel ReplicateSubobject,COND_None (ability instances: ReplayOrOwner default),Reliable,UAttributeSet instances + replicated instanced abilities,Engine/Plugins/Runtime/GameplayAbilities/Private/AbilitySystemComponent.cpp:1927-1957 + 330-353
R13,Owner/Avatar actors,Server->Client,Replicated object refs,COND_None,Reliable,owner & avatar pointers,Engine/Plugins/Runtime/GameplayAbilities/Private/AbilitySystemComponent.cpp:1856-1857
R14,Ability activation request,Client->Server,Server RPC ServerTryActivateAbility(+WithEventData),n/a (validation trivial returns true; real check = re-running InternalTryActivateAbility),Reliable,Handle+InputPressed+PredictionKey,Engine/Plugins/Runtime/GameplayAbilities/Private/AbilitySystemComponent_Abilities.cpp:2016-2033 + 2054-2125
R15,Activation result,Server->Client,Client RPC ClientActivateAbilityFailed / ClientActivateAbilitySucceed(+WithEventData),n/a Reliable,Reliable,reject broadcasts RejectedDelegates; confirm marks instance Confirmed,Engine/Plugins/Runtime/GameplayAbilities/Private/AbilitySystemComponent_Abilities.cpp:2279-2333 + 2362-2471
R16,Target data,Client->Server,Server RPC ServerSetReplicatedTargetData (batchable),validate = pointer-validity only (no game-logic check),Reliable,FGameplayAbilityTargetDataHandle,Engine/Plugins/Runtime/GameplayAbilities/Private/AbilitySystemComponent_Abilities.cpp:4007-4045
R17,Target data (server->client),Server->Client,Client RPC ClientSetReplicatedTargetData,n/a,Reliable,confirmed target data for predicted abilities,Engine/Plugins/Runtime/GameplayAbilities/Private/AbilitySystemComponent_Abilities.cpp:4090-4127 region
R18,Generic replicated events,Both,Server/Client RPC ServerSetReplicatedEvent / ClientSetReplicatedEvent (confirm/cancel/interrupt),n/a,Reliable,EAbilityGenericReplicatedEvent + original prediction key,Engine/Plugins/Runtime/GameplayAbilities/Private/AbilitySystemComponent_Abilities.cpp:3934-4007
R19,End/Cancel ability,Both,ServerEndAbility/ServerCancelAbility + ClientEndAbility/ClientCancelAbility,NetSecurityPolicy gates termination,Reliable,handle+ActivationInfo(+key),Engine/Plugins/Runtime/GameplayAbilities/Private/AbilitySystemComponent_Abilities.cpp:2127-2268
R20,Cue executed event,Server->Clients,NetMulticast_InvokeGameplayCueExecuted[_WithParams/_FromSpec],absorption guard IsLocalClientKey()==false,Unreliable (NetMulticast),cue tag+params+prediction key,Engine/Plugins/Runtime/GameplayAbilities/Private/AbilitySystemComponent.cpp:1652-1696 + Private/GameplayCueManager.cpp:1423-1580
R21,Cue add/remove events,Server->Clients,NetMulticast_InvokeGameplayCueAdded[AndWhileActive]/NetMulticast_InvokeGameplayCueRemoved,absorption guard + mixed-mode server-key skip,Unreliable,cue tag+params,Engine/Plugins/Runtime/GameplayAbilities/Private/AbilitySystemComponent.cpp:1698-1747
R22,RPC batch,Client->Server,Server RPC ServerAbilityRPCBatch,n/a,Reliable,TryActivate+TargetData+End with shared key,Engine/Plugins/Runtime/GameplayAbilities/Private/AbilitySystemComponent_Abilities.cpp:4184-4252
R23,Montage control,Client->Server,ServerCurrentMontageSetNextSectionName/JumpToSection/SetPlayRate,validate vs client position tolerance,Reliable,section/playrate,Engine/Plugins/Runtime/GameplayAbilities/Private/AbilitySystemComponent_Abilities.cpp:3634-3719
R24,Input press/release,Client->Server,ServerSetInputPressed/ServerSetInputReleased,validate trivial,Reliable,spec handle,Engine/Plugins/Runtime/GameplayAbilities/Private/AbilitySystemComponent_Abilities.cpp:2885-2913
R25,Debug strings,Server->Replay only,Replicated property,COND_ReplayOnly,Reliable,debug text,Engine/Plugins/Runtime/GameplayAbilities/Private/AbilitySystemComponent.cpp:1864-1866
