SymbolName,Kind,File,Line,OneLineRole
UAbilityAsync,UCLASS,Engine/Plugins/Runtime/GameplayAbilities/Source/GameplayAbilities/Public/Abilities/Async/AbilityAsync.h,21,Base class for ability-specific BlueprintAsyncActions runnable from any blueprint
UAbilityAsync_WaitAttributeChanged,UCLASS,Engine/Plugins/Runtime/GameplayAbilities/Source/GameplayAbilities/Public/Abilities/Async/AbilityAsync_WaitAttributeChanged.h,14,Waits for attribute changes
UAbilityAsync_WaitGameplayEffectApplied,UCLASS,Engine/Plugins/Runtime/GameplayAbilities/Source/GameplayAbilities/Public/Abilities/Async/AbilityAsync_WaitGameplayEffectApplied.h,21,Listens for gameplay effect applications based on specified tags
UAbilityAsync_WaitGameplayEvent,UCLASS,Engine/Plugins/Runtime/GameplayAbilities/Source/GameplayAbilities/Public/Abilities/Async/AbilityAsync_WaitGameplayEvent.h,14,Waits for gameplay events
UAbilityAsync_WaitGameplayTag,UCLASS,Engine/Plugins/Runtime/GameplayAbilities/Source/GameplayAbilities/Public/Abilities/Async/AbilityAsync_WaitGameplayTag.h,14,Waits for gameplay tags
UAbilityAsync_WaitGameplayTagAdded,UCLASS,Engine/Plugins/Runtime/GameplayAbilities/Source/GameplayAbilities/Public/Abilities/Async/AbilityAsync_WaitGameplayTag.h,35,Waits for tag added
UAbilityAsync_WaitGameplayTagRemoved,UCLASS,Engine/Plugins/Runtime/GameplayAbilities/Source/GameplayAbilities/Public/Abilities/Async/AbilityAsync_WaitGameplayTag.h,55,Waits for tag removed
UAbilityAsync_WaitGameplayTagCountChanged,UCLASS,Engine/Plugins/Runtime/GameplayAbilities/Source/GameplayAbilities/Public/Abilities/Async/AbilityAsync_WaitGameplayTagCountChanged.h,9,Waits for tag count change
UAbilityAsync_WaitGameplayTagQuery,UCLASS,Engine/Plugins/Runtime/GameplayAbilities/Source/GameplayAbilities/Public/Abilities/Async/AbilityAsync_WaitGameplayTagQuery.h,16,Async node to wait on a gameplay tag query
UGameplayAbility,UCLASS,Engine/Plugins/Runtime/GameplayAbilities/Source/GameplayAbilities/Public/Abilities/GameplayAbility.h,90,Abilities define custom gameplay logic activatable by players or external game logic
UGameplayAbility_CharacterJump,UCLASS,Engine/Plugins/Runtime/GameplayAbilities/Source/GameplayAbilities/Public/Abilities/GameplayAbility_CharacterJump.h,16,Ability that jumps with a character
UGameplayAbility_Montage,UCLASS,Engine/Plugins/Runtime/GameplayAbilities/Source/GameplayAbilities/Public/Abilities/GameplayAbility_Montage.h,21,Plays a single montage and applies a GameplayEffect
ERepAnimPositionMethod,UENUM,Engine/Plugins/Runtime/GameplayAbilities/Source/GameplayAbilities/Public/Abilities/GameplayAbilityRepAnimMontage.h,14,Enum to rep the quantized montage position or the current section id
FGameplayAbilityRepAnimMontage,USTRUCT,Engine/Plugins/Runtime/GameplayAbilities/Source/GameplayAbilities/Public/Abilities/GameplayAbilityRepAnimMontage.h,22,Data about montages replicated to simulated clients
AGameplayAbilityTargetActor,UCLASS,Engine/Plugins/Runtime/GameplayAbilities/Source/GameplayAbilities/Public/Abilities/GameplayAbilityTargetActor.h,26,TargetActors are spawned by ability tasks to assist with ability targeting
AGameplayAbilityTargetActor_ActorPlacement,UCLASS,Engine/Plugins/Runtime/GameplayAbilities/Source/GameplayAbilities/Public/Abilities/GameplayAbilityTargetActor_ActorPlacement.h,14,Actor placement target actor
AGameplayAbilityTargetActor_GroundTrace,UCLASS,Engine/Plugins/Runtime/GameplayAbilities/Source/GameplayAbilities/Public/Abilities/GameplayAbilityTargetActor_GroundTrace.h,17,Ground trace target actor
AGameplayAbilityTargetActor_Radius,UCLASS,Engine/Plugins/Runtime/GameplayAbilities/Source/GameplayAbilities/Public/Abilities/GameplayAbilityTargetActor_Radius.h,16,Selects everything within a given radius of the source actor
AGameplayAbilityTargetActor_SingleLineTrace,UCLASS,Engine/Plugins/Runtime/GameplayAbilities/Source/GameplayAbilities/Public/Abilities/GameplayAbilityTargetActor_SingleLineTrace.h,13,Single line trace target actor
AGameplayAbilityTargetActor_Trace,UCLASS,Engine/Plugins/Runtime/GameplayAbilities/Source/GameplayAbilities/Public/Abilities/GameplayAbilityTargetActor_Trace.h,21,Intermediate base class for all line-trace type targeting actors
ETargetDataFilterSelf,UENUM,Engine/Plugins/Runtime/GameplayAbilities/Source/GameplayAbilities/Public/Abilities/GameplayAbilityTargetDataFilter.h,14,Set whether it is possible to target self
FGameplayTargetDataFilter,USTRUCT,Engine/Plugins/Runtime/GameplayAbilities/Source/GameplayAbilities/Public/Abilities/GameplayAbilityTargetDataFilter.h,26,Simple actor target filter that games can subclass
FGameplayTargetDataFilterHandle,USTRUCT,Engine/Plugins/Runtime/GameplayAbilities/Source/GameplayAbilities/Public/Abilities/GameplayAbilityTargetDataFilter.h,84,Polymorphic handle to a filter structure that checks if actors should be targeted
EGameplayTargetingConfirmation,UENUM,Engine/Plugins/Runtime/GameplayAbilities/Source/GameplayAbilities/Public/Abilities/GameplayAbilityTargetTypes.h,25,Describes how the targeting information is confirmed
FGameplayAbilityTargetData,USTRUCT,Engine/Plugins/Runtime/GameplayAbilities/Source/GameplayAbilities/Public/Abilities/GameplayAbilityTargetTypes.h,79,Generic structure for targeting data produced and consumed by generic functions
EGameplayAbilityTargetingLocationType,UENUM,Engine/Plugins/Runtime/GameplayAbilities/Source/GameplayAbilities/Public/Abilities/GameplayAbilityTargetTypes.h,171,What type of location calculation to use when an ability asks for our transform
FGameplayAbilityTargetDataHandle,USTRUCT,Engine/Plugins/Runtime/GameplayAbilities/Source/GameplayAbilities/Public/Abilities/GameplayAbilityTargetTypes.h,201,Handle for targeting data enabling polymorphism and replication by value
FGameplayAbilityTargetingLocationInfo,USTRUCT,Engine/Plugins/Runtime/GameplayAbilities/Source/GameplayAbilities/Public/Abilities/GameplayAbilityTargetTypes.h,315,Structure that stores a location in one of several different formats
FGameplayAbilityTargetData_LocationInfo,USTRUCT,Engine/Plugins/Runtime/GameplayAbilities/Source/GameplayAbilities/Public/Abilities/GameplayAbilityTargetTypes.h,389,Target data with just a source and target location in space
FGameplayAbilityTargetData_ActorArray,USTRUCT,Engine/Plugins/Runtime/GameplayAbilities/Source/GameplayAbilities/Public/Abilities/GameplayAbilityTargetTypes.h,456,Target data with a source location and a list of targeted actors for AOE attacks
FGameplayAbilityTargetData_SingleTargetHit,USTRUCT,Engine/Plugins/Runtime/GameplayAbilities/Source/GameplayAbilities/Public/Abilities/GameplayAbilityTargetTypes.h,559,Target data with a single hit result packed into the hit result
EAbilityGenericReplicatedEvent,UENUM,Engine/Plugins/Runtime/GameplayAbilities/Source/GameplayAbilities/Public/Abilities/GameplayAbilityTargetTypes.h,661,Generic nonpayload carrying events replicated between client and server
EGameplayAbilityTriggerSource,UENUM,Engine/Plugins/Runtime/GameplayAbilities/Source/GameplayAbilities/Public/Abilities/GameplayAbilityTriggerType.h,8,Defines what type of trigger will activate the ability paired to a tag
FAbilityTriggerData,USTRUCT,Engine/Plugins/Runtime/GameplayAbilities/Source/GameplayAbilities/Public/Abilities/GameplayAbilityTriggerType.h,26,Structure that defines how an ability will be triggered by external events
EGameplayAbilityInstancingPolicy,UENUM,Engine/Plugins/Runtime/GameplayAbilities/Source/GameplayAbilities/Public/Abilities/GameplayAbilityTypes.h,36,How the ability is instanced when executed
EGameplayAbilityNetExecutionPolicy,UENUM,Engine/Plugins/Runtime/GameplayAbilities/Source/GameplayAbilities/Public/Abilities/GameplayAbilityTypes.h,58,Where does an ability execute on the network
EGameplayAbilityNetSecurityPolicy,UENUM,Engine/Plugins/Runtime/GameplayAbilities/Source/GameplayAbilities/Public/Abilities/GameplayAbilityTypes.h,78,What protections does this ability have against client requests
EGameplayAbilityReplicationPolicy,UENUM,Engine/Plugins/Runtime/GameplayAbilities/Source/GameplayAbilities/Public/Abilities/GameplayAbilityTypes.h,98,How an ability replicates state and events to everyone on the network
FGameplayAbilityActorInfo,USTRUCT,Engine/Plugins/Runtime/GameplayAbilities/Source/GameplayAbilities/Public/Abilities/GameplayAbilityTypes.h,122,Cached data associated with an Actor using an Ability
FGameplayAbilityLocalAnimMontage,USTRUCT,Engine/Plugins/Runtime/GameplayAbilities/Source/GameplayAbilities/Public/Abilities/GameplayAbilityTypes.h,186,Data about montages played locally and never replicated directly
FGameplayEventData,USTRUCT,Engine/Plugins/Runtime/GameplayAbilities/Source/GameplayAbilities/Public/Abilities/GameplayAbilityTypes.h,215,Metadata for a tag-based Gameplay Event that can activate other abilities
FAbilityEndedData,USTRUCT,Engine/Plugins/Runtime/GameplayAbilities/Source/GameplayAbilities/Public/Abilities/GameplayAbilityTypes.h,278,Ability Ended Data
FAttributeDefaults,USTRUCT,Engine/Plugins/Runtime/GameplayAbilities/Source/GameplayAbilities/Public/Abilities/GameplayAbilityTypes.h,359,Used to initialize default values for attributes
FAbilityTaskDebugMessage,USTRUCT,Engine/Plugins/Runtime/GameplayAbilities/Source/GameplayAbilities/Public/Abilities/GameplayAbilityTypes.h,377,Debug message emitted by ability tasks
FServerAbilityRPCBatch,USTRUCT,Engine/Plugins/Runtime/GameplayAbilities/Source/GameplayAbilities/Public/Abilities/GameplayAbilityTypes.h,401,Holds state to batch server RPC calls (ServerTryActivateAbility / ServerSetReplicatedTargetData / ServerEndAbility)
FGameplayAbilitySpecHandleAndPredictionKey,USTRUCT,Engine/Plugins/Runtime/GameplayAbilities/Source/GameplayAbilities/Public/Abilities/GameplayAbilityTypes.h,453,Used as a key for storing internal ability data
FWorldReticleParameters,USTRUCT,Engine/Plugins/Runtime/GameplayAbilities/Source/GameplayAbilities/Public/Abilities/GameplayAbilityWorldReticle.h,14,Reticle parameters
AGameplayAbilityWorldReticle,UCLASS,Engine/Plugins/Runtime/GameplayAbilities/Source/GameplayAbilities/Public/Abilities/GameplayAbilityWorldReticle.h,30,Reticles allow targeting to be visualized; tasks can spawn these
AGameplayAbilityWorldReticle_ActorVisualization,UCLASS,Engine/Plugins/Runtime/GameplayAbilities/Source/GameplayAbilities/Public/Abilities/GameplayAbilityWorldReticle_ActorVisualization.h,16,Dummy reticle for internal use by visualization placement tasks
EAbilityTaskWaitState,UENUM,Engine/Plugins/Runtime/GameplayAbilities/Source/GameplayAbilities/Public/Abilities/Tasks/AbilityTask.h,76,Differentiates latent tasks waiting on the user vs waiting on the game
UAbilityTask,UCLASS,Engine/Plugins/Runtime/GameplayAbilities/Source/GameplayAbilities/Public/Abilities/Tasks/AbilityTask.h,89,Base ability task
UAbilityTask_ApplyRootMotionConstantForce,UCLASS,Engine/Plugins/Runtime/GameplayAbilities/Source/GameplayAbilities/Public/Abilities/Tasks/AbilityTask_ApplyRootMotionConstantForce.h,23,Applies force to character movement
UAbilityTask_ApplyRootMotionJumpForce,UCLASS,Engine/Plugins/Runtime/GameplayAbilities/Source/GameplayAbilities/Public/Abilities/Tasks/AbilityTask_ApplyRootMotionJumpForce.h,24,Applies force to character movement
ERootMotionMoveToActorTargetOffsetType,UENUM,Engine/Plugins/Runtime/GameplayAbilities/Source/GameplayAbilities/Public/Abilities/Tasks/AbilityTask_ApplyRootMotionMoveToActorForce.h,24,MoveToActor offset type
UAbilityTask_ApplyRootMotionMoveToActorForce,UCLASS,Engine/Plugins/Runtime/GameplayAbilities/Source/GameplayAbilities/Public/Abilities/Tasks/AbilityTask_ApplyRootMotionMoveToActorForce.h,38,Applies force to character movement
UAbilityTask_ApplyRootMotionMoveToForce,UCLASS,Engine/Plugins/Runtime/GameplayAbilities/Source/GameplayAbilities/Public/Abilities/Tasks/AbilityTask_ApplyRootMotionMoveToForce.h,24,Applies force to character movement
UAbilityTask_ApplyRootMotionRadialForce,UCLASS,Engine/Plugins/Runtime/GameplayAbilities/Source/GameplayAbilities/Public/Abilities/Tasks/AbilityTask_ApplyRootMotionRadialForce.h,24,Applies force to character movement
UAbilityTask_ApplyRootMotion_Base,UCLASS,Engine/Plugins/Runtime/GameplayAbilities/Source/GameplayAbilities/Public/Abilities/Tasks/AbilityTask_ApplyRootMotion_Base.h,17,Base class for ability tasks that apply root motion
UAbilityTask_MoveToLocation,UCLASS,Engine/Plugins/Runtime/GameplayAbilities/Source/GameplayAbilities/Public/Abilities/Tasks/AbilityTask_MoveToLocation.h,32,Move to a location ignoring clipping over a given length of time
EAbilityTaskNetSyncType,UENUM,Engine/Plugins/Runtime/GameplayAbilities/Source/GameplayAbilities/Public/Abilities/Tasks/AbilityTask_NetworkSyncPoint.h,13,Network sync point type
UAbilityTask_NetworkSyncPoint,UCLASS,Engine/Plugins/Runtime/GameplayAbilities/Source/GameplayAbilities/Public/Abilities/Tasks/AbilityTask_NetworkSyncPoint.h,27,Generic sync point for client and server
UAbilityTask_PlayAnimAndWait,UCLASS,Engine/Plugins/Runtime/GameplayAbilities/Source/GameplayAbilities/Public/Abilities/Tasks/AbilityTask_PlayAnimAndWait.h,16,Play anim and wait
UAbilityTask_PlayMontageAndWait,UCLASS,Engine/Plugins/Runtime/GameplayAbilities/Source/GameplayAbilities/Public/Abilities/Tasks/AbilityTask_PlayMontageAndWait.h,15,Ability task to simply play a montage
UAbilityTask_Repeat,UCLASS,Engine/Plugins/Runtime/GameplayAbilities/Source/GameplayAbilities/Public/Abilities/Tasks/AbilityTask_Repeat.h,17,Repeat a task a certain number of times at a given interval
UAbilityTask_SpawnActor,UCLASS,Engine/Plugins/Runtime/GameplayAbilities/Source/GameplayAbilities/Public/Abilities/Tasks/AbilityTask_SpawnActor.h,28,Convenience task for spawning actors on the network authority
UAbilityTask_StartAbilityState,UCLASS,Engine/Plugins/Runtime/GameplayAbilities/Source/GameplayAbilities/Public/Abilities/Tasks/AbilityTask_StartAbilityState.h,28,Ability states for state-specific cleanup when the ability ends or is interrupted
UAbilityTask_VisualizeTargeting,UCLASS,Engine/Plugins/Runtime/GameplayAbilities/Source/GameplayAbilities/Public/Abilities/Tasks/AbilityTask_VisualizeTargeting.h,16,Visualize targeting
UAbilityTask_WaitAbilityActivate,UCLASS,Engine/Plugins/Runtime/GameplayAbilities/Source/GameplayAbilities/Public/Abilities/Tasks/AbilityTask_WaitAbilityActivate.h,20,Waits for the actor to activate another ability
UAbilityTask_WaitAbilityCommit,UCLASS,Engine/Plugins/Runtime/GameplayAbilities/Source/GameplayAbilities/Public/Abilities/Tasks/AbilityTask_WaitAbilityCommit.h,17,Waits for another ability to commit
EWaitAttributeChangeComparison,UENUM,Engine/Plugins/Runtime/GameplayAbilities/Source/GameplayAbilities/Public/Abilities/Tasks/AbilityTask_WaitAttributeChange.h,15,Wait attribute change comparison
UAbilityTask_WaitAttributeChange,UCLASS,Engine/Plugins/Runtime/GameplayAbilities/Source/GameplayAbilities/Public/Abilities/Tasks/AbilityTask_WaitAttributeChange.h,36,Waits for an attribute change
UAbilityTask_WaitAttributeChangeRatioThreshold,UCLASS,Engine/Plugins/Runtime/GameplayAbilities/Source/GameplayAbilities/Public/Abilities/Tasks/AbilityTask_WaitAttributeChangeRatioThreshold.h,21,Waits for the ratio between two attributes to match a threshold
UAbilityTask_WaitAttributeChangeThreshold,UCLASS,Engine/Plugins/Runtime/GameplayAbilities/Source/GameplayAbilities/Public/Abilities/Tasks/AbilityTask_WaitAttributeChangeThreshold.h,20,Waits for an attribute to match a threshold
UAbilityTask_WaitCancel,UCLASS,Engine/Plugins/Runtime/GameplayAbilities/Source/GameplayAbilities/Public/Abilities/Tasks/AbilityTask_WaitCancel.h,13,Waits for cancel
UAbilityTask_WaitConfirm,UCLASS,Engine/Plugins/Runtime/GameplayAbilities/Source/GameplayAbilities/Public/Abilities/Tasks/AbilityTask_WaitConfirm.h,11,Waits for confirm
UAbilityTask_WaitConfirmCancel,UCLASS,Engine/Plugins/Runtime/GameplayAbilities/Source/GameplayAbilities/Public/Abilities/Tasks/AbilityTask_WaitConfirmCancel.h,17,Wait for server to confirm ability activation
UAbilityTask_WaitDelay,UCLASS,Engine/Plugins/Runtime/GameplayAbilities/Source/GameplayAbilities/Public/Abilities/Tasks/AbilityTask_WaitDelay.h,13,Wait delay
UAbilityTask_WaitGameplayEffectApplied,UCLASS,Engine/Plugins/Runtime/GameplayAbilities/Source/GameplayAbilities/Public/Abilities/Tasks/AbilityTask_WaitGameplayEffectApplied.h,15,Waits for GE applied
UAbilityTask_WaitGameplayEffectApplied_Self,UCLASS,Engine/Plugins/Runtime/GameplayAbilities/Source/GameplayAbilities/Public/Abilities/Tasks/AbilityTask_WaitGameplayEffectApplied_Self.h,15,Waits for GE applied to self
UAbilityTask_WaitGameplayEffectApplied_Target,UCLASS,Engine/Plugins/Runtime/GameplayAbilities/Source/GameplayAbilities/Public/Abilities/Tasks/AbilityTask_WaitGameplayEffectApplied_Target.h,15,Waits for GE applied to target
UAbilityTask_WaitGameplayEffectBlockedImmunity,UCLASS,Engine/Plugins/Runtime/GameplayAbilities/Source/GameplayAbilities/Public/Abilities/Tasks/AbilityTask_WaitGameplayEffectBlockedImmunity.h,16,Waits for GE blocked by immunity
UAbilityTask_WaitGameplayEffectRemoved,UCLASS,Engine/Plugins/Runtime/GameplayAbilities/Source/GameplayAbilities/Public/Abilities/Tasks/AbilityTask_WaitGameplayEffectRemoved.h,20,Waits for GE removed
UAbilityTask_WaitGameplayEffectStackChange,UCLASS,Engine/Plugins/Runtime/GameplayAbilities/Source/GameplayAbilities/Public/Abilities/Tasks/AbilityTask_WaitGameplayEffectStackChange.h,20,Waits for GE stack change
UAbilityTask_WaitGameplayEvent,UCLASS,Engine/Plugins/Runtime/GameplayAbilities/Source/GameplayAbilities/Public/Abilities/Tasks/AbilityTask_WaitGameplayEvent.h,17,Waits for gameplay event
UAbilityTask_WaitGameplayTagAdded,UCLASS,Engine/Plugins/Runtime/GameplayAbilities/Source/GameplayAbilities/Public/Abilities/Tasks/AbilityTask_WaitGameplayTag.h,14,Waits for tag added
UAbilityTask_WaitGameplayTagRemoved,UCLASS,Engine/Plugins/Runtime/GameplayAbilities/Source/GameplayAbilities/Public/Abilities/Tasks/AbilityTask_WaitGameplayTag.h,34,Waits for tag removed
UAbilityTask_WaitGameplayTag,UCLASS,Engine/Plugins/Runtime/GameplayAbilities/Source/GameplayAbilities/Public/Abilities/Tasks/AbilityTask_WaitGameplayTagBase.h,14,Waits for gameplay tag
UAbilityTask_WaitGameplayTagCountChanged,UCLASS,Engine/Plugins/Runtime/GameplayAbilities/Source/GameplayAbilities/Public/Abilities/Tasks/AbilityTask_WaitGameplayTagCountChanged.h,12,Waits for tag count change
EWaitGameplayTagQueryTriggerCondition,UENUM,Engine/Plugins/Runtime/GameplayAbilities/Source/GameplayAbilities/Public/Abilities/Tasks/AbilityTask_WaitGameplayTagQuery.h,13,Condition in which the wait gameplay tag query node will trigger
UAbilityTask_WaitGameplayTagQuery,UCLASS,Engine/Plugins/Runtime/GameplayAbilities/Source/GameplayAbilities/Public/Abilities/Tasks/AbilityTask_WaitGameplayTagQuery.h,21,Node to wait on a gameplay tag query
UAbilityTask_WaitInputPress,UCLASS,Engine/Plugins/Runtime/GameplayAbilities/Source/GameplayAbilities/Public/Abilities/Tasks/AbilityTask_WaitInputPress.h,17,Waits until the input is pressed from activating an ability
UAbilityTask_WaitInputRelease,UCLASS,Engine/Plugins/Runtime/GameplayAbilities/Source/GameplayAbilities/Public/Abilities/Tasks/AbilityTask_WaitInputRelease.h,17,Waits until the input is released from activating an ability
UAbilityTask_WaitMovementModeChange,UCLASS,Engine/Plugins/Runtime/GameplayAbilities/Source/GameplayAbilities/Public/Abilities/Tasks/AbilityTask_WaitMovementModeChange.h,17,Waits for movement mode change
UAbilityTask_WaitOverlap,UCLASS,Engine/Plugins/Runtime/GameplayAbilities/Source/GameplayAbilities/Public/Abilities/Tasks/AbilityTask_WaitOverlap.h,21,Waits for overlap; incomplete and activates only on blocking hits
UAbilityTask_WaitTargetData,UCLASS,Engine/Plugins/Runtime/GameplayAbilities/Source/GameplayAbilities/Public/Abilities/Tasks/AbilityTask_WaitTargetData.h,23,Wait for targeting actor (spawned from parameter) to provide data
UAbilityTask_WaitVelocityChange,UCLASS,Engine/Plugins/Runtime/GameplayAbilities/Source/GameplayAbilities/Public/Abilities/Tasks/AbilityTask_WaitVelocityChange.h,15,Waits for velocity change
FGameplayTagChangedEventWrapperSpecHandle,USTRUCT,Engine/Plugins/Runtime/GameplayAbilities/Source/GameplayAbilities/Public/AbilitySystemBlueprintLibrary.h,52,Handle to an event wrapper listening for gameplay tag changes
UAbilitySystemBlueprintLibrary,UCLASS,Engine/Plugins/Runtime/GameplayAbilities/Source/GameplayAbilities/Public/AbilitySystemBlueprintLibrary.h,68,Blueprint library for the ability system
EGameplayEffectReplicationMode,UENUM,Engine/Plugins/Runtime/GameplayAbilities/Source/GameplayAbilities/Public/AbilitySystemComponent.h,80,How gameplay effects will be replicated to clients
UAbilitySystemComponent,UCLASS,Engine/Plugins/Runtime/GameplayAbilities/Source/GameplayAbilities/Public/AbilitySystemComponent.h,108,The core ActorComponent for interfacing with the GameplayAbilities System
UAbilitySystemDebugHUDExtension,UCLASS,Engine/Plugins/Runtime/GameplayAbilities/Source/GameplayAbilities/Public/AbilitySystemDebugHUD.h,42,Extension for displaying information on screen for each Ability System Actor
UAbilitySystemDebugHUDExtension_Tags,UCLASS,Engine/Plugins/Runtime/GameplayAbilities/Source/GameplayAbilities/Public/AbilitySystemDebugHUD.h,65,Debug HUD extension for drawing all owned tags by an actor
UAbilitySystemDebugHUDExtension_Attributes,UCLASS,Engine/Plugins/Runtime/GameplayAbilities/Source/GameplayAbilities/Public/AbilitySystemDebugHUD.h,88,Debug HUD extension for drawing attributes of an actor
UAbilitySystemDebugHUDExtension_BlockedAbilityTags,UCLASS,Engine/Plugins/Runtime/GameplayAbilities/Source/GameplayAbilities/Public/AbilitySystemDebugHUD.h,113,Debug HUD extension for drawing all blocked ability tags on an actor
AAbilitySystemDebugHUD,UCLASS,Engine/Plugins/Runtime/GameplayAbilities/Source/GameplayAbilities/Public/AbilitySystemDebugHUD.h,133,Debug HUD actor
FNetSerializeScriptStructCache,USTRUCT,Engine/Plugins/Runtime/GameplayAbilities/Source/GameplayAbilities/Public/AbilitySystemGlobals.h,28,Container for safely replicating script struct references
UAbilitySystemGlobals,UCLASS,Engine/Plugins/Runtime/GameplayAbilities/Source/GameplayAbilities/Public/AbilitySystemGlobals.h,56,Holds global data for the ability system
UAbilitySystemInterface,UINTERFACE,Engine/Plugins/Runtime/GameplayAbilities/Source/GameplayAbilities/Public/AbilitySystemInterface.h,19,Interface for native actors to expose access to an ability system component
UAbilitySystemReplicationProxyInterface,UINTERFACE,Engine/Plugins/Runtime/GameplayAbilities/Source/GameplayAbilities/Public/AbilitySystemReplicationProxyInterface.h,22,Interface for actors that act like an ability system component for replication
UAbilitySystemTestAttributeSet,UCLASS,Engine/Plugins/Runtime/GameplayAbilities/Source/GameplayAbilities/Public/AbilitySystemTestAttributeSet.h,12,Test attribute set
AAbilitySystemTestPawn,UCLASS,Engine/Plugins/Runtime/GameplayAbilities/Source/GameplayAbilities/Public/AbilitySystemTestPawn.h,16,Test pawn
FActiveGameplayEffectHandle,USTRUCT,Engine/Plugins/Runtime/GameplayAbilities/Source/GameplayAbilities/Public/ActiveGameplayEffectHandle.h,16,Handle to refer to a specific active GameplayEffect
UAnimNotify_GameplayCue,UCLASS,Engine/Plugins/Runtime/GameplayAbilities/Source/GameplayAbilities/Public/AnimNotify_GameplayCue.h,18,Animation notify used for instantaneous gameplay cues (Burst/Latent)
UAnimNotify_GameplayCueState,UCLASS,Engine/Plugins/Runtime/GameplayAbilities/Source/GameplayAbilities/Public/AnimNotify_GameplayCue.h,48,Animation notify state used for duration based gameplay cues (Looping)
FGameplayAttributeData,USTRUCT,Engine/Plugins/Runtime/GameplayAbilities/Source/GameplayAbilities/Public/AttributeSet.h,20,Place in an AttributeSet to create an attribute accessible via FGameplayAttribute
FGameplayAttribute,USTRUCT,Engine/Plugins/Runtime/GameplayAbilities/Source/GameplayAbilities/Public/AttributeSet.h,57,Describes a FGameplayAttributeData or float property inside an attribute set
UAttributeSet,UCLASS,Engine/Plugins/Runtime/GameplayAbilities/Source/GameplayAbilities/Public/AttributeSet.h,184,Defines the set of all GameplayAttributes for your game
FAttributeMetaData,USTRUCT,Engine/Plugins/Runtime/GameplayAbilities/Source/GameplayAbilities/Public/AttributeSet.h,270,DataTable to define meta data about attributes
UGameplayAbilitiesDeveloperSettings,UCLASS,Engine/Plugins/Runtime/GameplayAbilities/Source/GameplayAbilities/Public/GameplayAbilitiesDeveloperSettings.h,29,Expose Global Gameplay Ability Settings via the Developer Settings interface
UGameplayAbilitiesEditorDeveloperSettings,UCLASS,Engine/Plugins/Runtime/GameplayAbilities/Source/GameplayAbilities/Public/GameplayAbilitiesDeveloperSettings.h,135,Editor developer settings
UGameplayAbilityBlueprint,UCLASS,Engine/Plugins/Runtime/GameplayAbilities/Source/GameplayAbilities/Public/GameplayAbilityBlueprint.h,17,Specialized Blueprint whose graphs control a gameplay ability
EGameplayAbilityInputBinds,UENUM,Engine/Plugins/Runtime/GameplayAbilities/Source/GameplayAbilities/Public/GameplayAbilitySet.h,24,Example input binding enum for GameplayAbilities
FGameplayAbilityBindInfo,USTRUCT,Engine/Plugins/Runtime/GameplayAbilities/Source/GameplayAbilities/Public/GameplayAbilitySet.h,44,Example struct pairing an enum input command to a GameplayAbilityClass
UGameplayAbilitySet,UCLASS,Engine/Plugins/Runtime/GameplayAbilities/Source/GameplayAbilities/Public/GameplayAbilitySet.h,62,Example DataAsset defining a set of abilities to give to an AbilitySystemComponent
EGameplayAbilityActivationMode,UENUM,Engine/Plugins/Runtime/GameplayAbilities/Source/GameplayAbilities/Public/GameplayAbilitySpec.h,25,Describes the status of activating this ability as prediction is handled
EGameplayEffectGrantedAbilityRemovePolicy,UENUM,Engine/Plugins/Runtime/GameplayAbilities/Source/GameplayAbilities/Public/GameplayAbilitySpec.h,48,What happens when a GameplayEffect granting an active ability is removed
FGameplayAbilitySpecDef,USTRUCT,Engine/Plugins/Runtime/GameplayAbilities/Source/GameplayAbilities/Public/GameplayAbilitySpec.h,60,Data used to create an FGameplayAbilitySpec
FGameplayAbilityActivationInfo,USTRUCT,Engine/Plugins/Runtime/GameplayAbilities/Source/GameplayAbilities/Public/GameplayAbilitySpec.h,113,Data tied to a specific activation of of an ability
FGameplayAbilitySpec,USTRUCT,Engine/Plugins/Runtime/GameplayAbilities/Source/GameplayAbilities/Public/GameplayAbilitySpec.h,167,An activatable ability spec hosted on the ability system component
FGameplayAbilitySpecContainer,USTRUCT,Engine/Plugins/Runtime/GameplayAbilities/Source/GameplayAbilities/Public/GameplayAbilitySpec.h,300,Fast serializer wrapper for the above struct
FGameplayAbilitySpecHandle,USTRUCT,Engine/Plugins/Runtime/GameplayAbilities/Source/GameplayAbilities/Public/GameplayAbilitySpecHandle.h,14,Handle that points to a specific granted ability
UGameplayCueFunctionLibrary,UCLASS,Engine/Plugins/Runtime/GameplayAbilities/Source/GameplayAbilities/Public/GameplayCueFunctionLibrary.h,22,Helpful utility functions for working with gameplay cues
UGameplayCueInterface,UINTERFACE,Engine/Plugins/Runtime/GameplayAbilities/Source/GameplayAbilities/Public/GameplayCueInterface.h,24,Interface for actors that wish to handle GameplayCue events from GameplayEffects
FActiveGameplayCue,USTRUCT,Engine/Plugins/Runtime/GameplayAbilities/Source/GameplayAbilities/Public/GameplayCueInterface.h,100,Active gameplay cue entry
FActiveGameplayCueContainer,USTRUCT,Engine/Plugins/Runtime/GameplayAbilities/Source/GameplayAbilities/Public/GameplayCueInterface.h,130,Container of active gameplay cues
FGameplayCueTag,USTRUCT,Engine/Plugins/Runtime/GameplayAbilities/Source/GameplayAbilities/Public/GameplayCueInterface.h,186,Wrapper struct around a gameplaytag with the GameplayCue category
FMinimalGameplayCueReplicationProxy,USTRUCT,Engine/Plugins/Runtime/GameplayAbilities/Source/GameplayAbilities/Public/GameplayCueInterface.h,206,Alternative way of replicating gameplay cues without fast TArray serialization
FGameplayCueObjectLibrary,USTRUCT,Engine/Plugins/Runtime/GameplayAbilities/Source/GameplayAbilities/Public/GameplayCueManager.h,50,ObjectLibrary for the GameplayCue Notifies
UGameplayCueManager,UCLASS,Engine/Plugins/Runtime/GameplayAbilities/Source/GameplayAbilities/Public/GameplayCueManager.h,129,Singleton manager that dispatches gameplay cues and spawns GameplayCueNotify actors
FMyGameplayCueNotify_CustomBurstEffects,USTRUCT,Engine/Plugins/Runtime/GameplayAbilities/Source/GameplayAbilities/Public/GameplayCueNotifyTypes.h,44,Example aggregation of non-inheritable Gameplay Cue Notify structs
EGameplayCueNotify_EffectPlaySpace,UENUM,Engine/Plugins/Runtime/GameplayAbilities/Source/GameplayAbilities/Public/GameplayCueNotifyTypes.h,67,What coordinate space effects (like camera shakes) should be applied in
EGameplayCueNotify_LocallyControlledSource,UENUM,Engine/Plugins/Runtime/GameplayAbilities/Source/GameplayAbilities/Public/GameplayCueNotifyTypes.h,83,What actor to use when determining if the cue notify is locally controlled
EGameplayCueNotify_LocallyControlledPolicy,UENUM,Engine/Plugins/Runtime/GameplayAbilities/Source/GameplayAbilities/Public/GameplayCueNotifyTypes.h,99,If the gameplay cue notify should spawn based on it being locally controlled
FGameplayCueNotify_SpawnCondition,USTRUCT,Engine/Plugins/Runtime/GameplayAbilities/Source/GameplayAbilities/Public/GameplayCueNotifyTypes.h,118,Conditions used to determine if the gameplay cue notify should spawn
EGameplayCueNotify_AttachPolicy,UENUM,Engine/Plugins/Runtime/GameplayAbilities/Source/GameplayAbilities/Public/GameplayCueNotifyTypes.h,158,If the gameplay cue notify should attach to the target actor
FGameplayCueNotify_PlacementInfo,USTRUCT,Engine/Plugins/Runtime/GameplayAbilities/Source/GameplayAbilities/Public/GameplayCueNotifyTypes.h,174,How the gameplay cue notify will be positioned in the world
FGameplayCueNotify_SpawnResult,USTRUCT,Engine/Plugins/Runtime/GameplayAbilities/Source/GameplayAbilities/Public/GameplayCueNotifyTypes.h,269,Temporary structure to track results of spawning components
FGameplayCueNotify_ParticleInfo,USTRUCT,Engine/Plugins/Runtime/GameplayAbilities/Source/GameplayAbilities/Public/GameplayCueNotifyTypes.h,313,Properties that specify how to play a particle effect
FGameplayCueNotify_SoundParameterInterfaceInfo,USTRUCT,Engine/Plugins/Runtime/GameplayAbilities/Source/GameplayAbilities/Public/GameplayCueNotifyTypes.h,355,Properties for interfacing with the ISoundParameterControllerInterface
FGameplayCueNotify_SoundInfo,USTRUCT,Engine/Plugins/Runtime/GameplayAbilities/Source/GameplayAbilities/Public/GameplayCueNotifyTypes.h,374,Properties that specify how to play a sound effect
FGameplayCueNotify_CameraShakeInfo,USTRUCT,Engine/Plugins/Runtime/GameplayAbilities/Source/GameplayAbilities/Public/GameplayCueNotifyTypes.h,435,Properties that specify how to play a camera shake
FGameplayCueNotify_CameraLensEffectInfo,USTRUCT,Engine/Plugins/Runtime/GameplayAbilities/Source/GameplayAbilities/Public/GameplayCueNotifyTypes.h,498,Properties that specify how to play a camera lens effect
FGameplayCueNotify_ForceFeedbackInfo,USTRUCT,Engine/Plugins/Runtime/GameplayAbilities/Source/GameplayAbilities/Public/GameplayCueNotifyTypes.h,549,Properties that specify how to play a force feedback effect
FGameplayCueNotify_InputDevicePropertyInfo,USTRUCT,Engine/Plugins/Runtime/GameplayAbilities/Source/GameplayAbilities/Public/GameplayCueNotifyTypes.h,609,Properties to set input device properties during a gameplay cue notify
FGameplayCueNotify_DecalInfo,USTRUCT,Engine/Plugins/Runtime/GameplayAbilities/Source/GameplayAbilities/Public/GameplayCueNotifyTypes.h,633,Properties that specify how to spawn a decal
FGameplayCueNotify_BurstEffects,USTRUCT,Engine/Plugins/Runtime/GameplayAbilities/Source/GameplayAbilities/Public/GameplayCueNotifyTypes.h,686,Set of effects to spawn for a single event used by all cue notify types
FGameplayCueNotify_LoopingEffects,USTRUCT,Engine/Plugins/Runtime/GameplayAbilities/Source/GameplayAbilities/Public/GameplayCueNotifyTypes.h,734,Set of looping effects to spawn for looping gameplay cues
AGameplayCueNotify_Actor,UCLASS,Engine/Plugins/Runtime/GameplayAbilities/Source/GameplayAbilities/Public/GameplayCueNotify_Actor.h,19,Instantiated Actor that acts as a handler of a GameplayCue
UGameplayCueNotify_Burst,UCLASS,Engine/Plugins/Runtime/GameplayAbilities/Source/GameplayAbilities/Public/GameplayCueNotify_Burst.h,19,Non-instanced gameplay cue notify for one-off effects
AGameplayCueNotify_BurstLatent,UCLASS,Engine/Plugins/Runtime/GameplayAbilities/Source/GameplayAbilities/Public/GameplayCueNotify_BurstLatent.h,19,Instanced gameplay cue notify for one-off effects that can use latent actions
UGameplayCueNotify_HitImpact,UCLASS,Engine/Plugins/Runtime/GameplayAbilities/Source/GameplayAbilities/Public/GameplayCueNotify_HitImpact.h,20,Non-instanced GameplayCueNotify for spawning particle and sound FX (deprecated)
AGameplayCueNotify_Looping,UCLASS,Engine/Plugins/Runtime/GameplayAbilities/Source/GameplayAbilities/Public/GameplayCueNotify_Looping.h,19,Instanced gameplay cue notify for continuous looping effects
UGameplayCueNotify_Static,UCLASS,Engine/Plugins/Runtime/GameplayAbilities/Source/GameplayAbilities/Public/GameplayCueNotify_Static.h,18,Non-instantiated UObject that acts as a handler for GameplayCue
FGameplayCueNotifyData,USTRUCT,Engine/Plugins/Runtime/GameplayAbilities/Source/GameplayAbilities/Public/GameplayCueSet.h,15,Gameplay cue notify data
UGameplayCueSet,UCLASS,Engine/Plugins/Runtime/GameplayAbilities/Source/GameplayAbilities/Public/GameplayCueSet.h,52,A set of gameplay cue actors to handle gameplay cue events
FGameplayCueTranslatorNodeIndex,USTRUCT,Engine/Plugins/Runtime/GameplayAbilities/Source/GameplayAbilities/Public/GameplayCueTranslator.h,100,Simple index/handle for referencing items in the translation LUT
FGameplayCueTranslationLink,USTRUCT,Engine/Plugins/Runtime/GameplayAbilities/Source/GameplayAbilities/Public/GameplayCueTranslator.h,126,Translation from one FGameplayCueTranslatorNode to many others
FGameplayCueTranslatorNode,USTRUCT,Engine/Plugins/Runtime/GameplayAbilities/Source/GameplayAbilities/Public/GameplayCueTranslator.h,140,A node in the translation table/graph representing an actual or possible gameplaytag
FGameplayCueTranslationManager,USTRUCT,Engine/Plugins/Runtime/GameplayAbilities/Source/GameplayAbilities/Public/GameplayCueTranslator.h,181,Does the actual translation; lives on the GameplayCueManager
UGameplayCueTranslator,UCLASS,Engine/Plugins/Runtime/GameplayAbilities/Source/GameplayAbilities/Public/GameplayCueTranslator.h,260,Base class for GameplayCue Translators that games extend to add rules
UGameplayCueTranslator_Test,UCLASS,Engine/Plugins/Runtime/GameplayAbilities/Source/GameplayAbilities/Public/GameplayCueTranslator.h,286,An example translator class
EGameplayCuePayloadType,UENUM,Engine/Plugins/Runtime/GameplayAbilities/Source/GameplayAbilities/Public/GameplayCue_Types.h,22,Describes what type of payload is attached to a cue execution
FGameplayCuePendingExecute,USTRUCT,Engine/Plugins/Runtime/GameplayAbilities/Source/GameplayAbilities/Public/GameplayCue_Types.h,33,Keeps track of pending gameplay cues that haven't been applied yet
FGameplayCueNotifyActorArray,USTRUCT,Engine/Plugins/Runtime/GameplayAbilities/Source/GameplayAbilities/Public/GameplayCue_Types.h,64,Array of gameplay cue notify actors
FPreallocationInfo,USTRUCT,Engine/Plugins/Runtime/GameplayAbilities/Source/GameplayAbilities/Public/GameplayCue_Types.h,74,Pooling and preallocating gameplaycuenotify_actor classes per world
EGameplayEffectMagnitudeCalculation,UENUM,Engine/Plugins/Runtime/GameplayAbilities/Source/GameplayAbilities/Public/GameplayEffect.h,66,Possible gameplay effect magnitude calculation policies
EAttributeBasedFloatCalculationType,UENUM,Engine/Plugins/Runtime/GameplayAbilities/Source/GameplayAbilities/Public/GameplayEffect.h,80,Possible attribute based float calculation policies
EGameplayEffectVersion,UENUM,Engine/Plugins/Runtime/GameplayAbilities/Source/GameplayAbilities/Public/GameplayEffect.h,94,The version of the UGameplayEffect used for upgrade paths
FAttributeBasedFloat,USTRUCT,Engine/Plugins/Runtime/GameplayAbilities/Source/GameplayAbilities/Public/GameplayEffect.h,123,Float whose magnitude is dictated by a backing attribute and a calculation policy
FCustomCalculationBasedFloat,USTRUCT,Engine/Plugins/Runtime/GameplayAbilities/Source/GameplayAbilities/Public/GameplayEffect.h,198,Encapsulates magnitudes calculated via custom calculation
FSetByCallerFloat,USTRUCT,Engine/Plugins/Runtime/GameplayAbilities/Source/GameplayAbilities/Public/GameplayEffect.h,253,Struct for holding SetByCaller data
FGameplayEffectModifierMagnitude,USTRUCT,Engine/Plugins/Runtime/GameplayAbilities/Source/GameplayAbilities/Public/GameplayEffect.h,275,Magnitude of a gameplay effect modifier potentially calculated in numerous ways
EGameplayEffectScopedModifierAggregatorType,UENUM,Engine/Plugins/Runtime/GameplayAbilities/Source/GameplayAbilities/Public/GameplayEffect.h,405,Types of scoped modifier aggregator usages available
FGameplayEffectExecutionScopedModifierInfo,USTRUCT,Engine/Plugins/Runtime/GameplayAbilities/Source/GameplayAbilities/Public/GameplayEffect.h,419,Modifier info used exclusively for instantaneous scoped executions
EGameplayEffectGrantedEffectRemovalPolicy,UENUM,Engine/Plugins/Runtime/GameplayAbilities/Source/GameplayAbilities/Public/GameplayEffect.h,479,What happens to on-application granted effects when the applying effect is removed
FConditionalGameplayEffect,USTRUCT,Engine/Plugins/Runtime/GameplayAbilities/Source/GameplayAbilities/Public/GameplayEffect.h,493,Gameplay effects that apply only if another effect or execution was successfully applied
FGameplayEffectExecutionDefinition,USTRUCT,Engine/Plugins/Runtime/GameplayAbilities/Source/GameplayAbilities/Public/GameplayEffect.h,528,Definition of custom executions that run special logic from an outside class
FGameplayModifierInfo,USTRUCT,Engine/Plugins/Runtime/GameplayAbilities/Source/GameplayAbilities/Public/GameplayEffect.h,564,Tells us Who/What we modify but not how exactly
FGameplayEffectCue,USTRUCT,Engine/Plugins/Runtime/GameplayAbilities/Source/GameplayAbilities/Public/GameplayEffect.h,605,GameplayTag plus Min/Max level range mapping effect level to a normalized GameplayCue value
FInheritedTagContainer,USTRUCT,Engine/Plugins/Runtime/GameplayAbilities/Source/GameplayAbilities/Public/GameplayEffect.h,652,Combines tags from parent and child blueprints in a safe way
EGameplayEffectDurationType,UENUM,Engine/Plugins/Runtime/GameplayAbilities/Source/GameplayAbilities/Public/GameplayEffect.h,685,Gameplay effect duration policies
EGameplayEffectStackingDurationPolicy,UENUM,Engine/Plugins/Runtime/GameplayAbilities/Source/GameplayAbilities/Public/GameplayEffect.h,697,Policies for the duration of a gameplay effect while stacking
EGameplayEffectStackingPeriodPolicy,UENUM,Engine/Plugins/Runtime/GameplayAbilities/Source/GameplayAbilities/Public/GameplayEffect.h,711,Policies for the period of a gameplay effect while stacking
EGameplayEffectStackingExpirationPolicy,UENUM,Engine/Plugins/Runtime/GameplayAbilities/Source/GameplayAbilities/Public/GameplayEffect.h,722,Policies for gameplay effect stacks that expire in duration based effects
EGameplayEffectPeriodInhibitionRemovedPolicy,UENUM,Engine/Plugins/Runtime/GameplayAbilities/Source/GameplayAbilities/Public/GameplayEffect.h,736,Policies for the effect period when inhibition is removed
FModifierSpec,USTRUCT,Engine/Plugins/Runtime/GameplayAbilities/Source/GameplayAbilities/Public/GameplayEffect.h,750,Holds evaluated magnitude from a GameplayEffect modifier
FGameplayEffectModifiedAttribute,USTRUCT,Engine/Plugins/Runtime/GameplayAbilities/Source/GameplayAbilities/Public/GameplayEffect.h,771,Saves list of modified attributes for gameplay cues or later processing
FGameplayEffectAttributeCaptureSpec,USTRUCT,Engine/Plugins/Runtime/GameplayAbilities/Source/GameplayAbilities/Public/GameplayEffect.h,788,Holds the result of a gameplay attribute capture
FGameplayEffectAttributeCaptureSpecContainer,USTRUCT,Engine/Plugins/Runtime/GameplayAbilities/Source/GameplayAbilities/Public/GameplayEffect.h,925,Collection of captured source and target attributes
FGameplayEffectSpec,USTRUCT,Engine/Plugins/Runtime/GameplayAbilities/Source/GameplayAbilities/Public/GameplayEffect.h,1013,GameplayEffect Specification: what effect / level / instigator; modifiable
FGameplayEffectSpecForRPC,USTRUCT,Engine/Plugins/Runtime/GameplayAbilities/Source/GameplayAbilities/Public/GameplayEffect.h,1295,Cut down version of the gameplay effect spec used for RPCs
FActiveGameplayEffect,USTRUCT,Engine/Plugins/Runtime/GameplayAbilities/Source/GameplayAbilities/Public/GameplayEffect.h,1354,Active GameplayEffect instance
FGameplayEffectQuery,USTRUCT,Engine/Plugins/Runtime/GameplayAbilities/Source/GameplayAbilities/Public/GameplayEffect.h,1470,Query where every set condition must match (elements ANDed together)
FActiveGameplayEffectQuery,USTRUCT,Engine/Plugins/Runtime/GameplayAbilities/Source/GameplayAbilities/Public/GameplayEffect.h,1567,Generic querying data structure for active GameplayEffects
FActiveGameplayEffectsContainer,USTRUCT,Engine/Plugins/Runtime/GameplayAbilities/Source/GameplayAbilities/Public/GameplayEffect.h,1651,Bucket of ActiveGameplayEffects needed for FFastArraySerialization
FGameplayEffectVersion,USTRUCT,Engine/Plugins/Runtime/GameplayAbilities/Source/GameplayAbilities/Public/GameplayEffect.h,2073,Always-serialized version storage for Gameplay Effects upgrade paths
UGameplayEffect,UCLASS,Engine/Plugins/Runtime/GameplayAbilities/Source/GameplayAbilities/Public/GameplayEffect.h,2103,The GameplayEffect definition data asset that drives everything
EGameplayEffectAttributeCaptureSource,UENUM,Engine/Plugins/Runtime/GameplayAbilities/Source/GameplayAbilities/Public/GameplayEffectAttributeCaptureDefinition.h,11,Options of where to capture gameplay attributes from for gameplay effects
FGameplayEffectAttributeCaptureDefinition,USTRUCT,Engine/Plugins/Runtime/GameplayAbilities/Source/GameplayAbilities/Public/GameplayEffectAttributeCaptureDefinition.h,22,Defines gameplay attribute capture options for gameplay effects
UGameplayEffectCalculation,UCLASS,Engine/Plugins/Runtime/GameplayAbilities/Source/GameplayAbilities/Public/GameplayEffectCalculation.h,14,Abstract base for specialized gameplay effect calculations with attribute captures
UGameplayEffectComponent,UCLASS,Engine/Plugins/Runtime/GameplayAbilities/Source/GameplayAbilities/Public/GameplayEffectComponent.h,31,GEComponents define how a GameplayEffect behaves (modular GE composition)
FGameplayAbilitySpecConfig,USTRUCT,Engine/Plugins/Runtime/GameplayAbilities/Source/GameplayAbilities/Public/GameplayEffectComponents/AbilitiesGameplayEffectComponent.h,12,Options on how to configure a GameplayAbilitySpec to grant an Actor
UAbilitiesGameplayEffectComponent,UCLASS,Engine/Plugins/Runtime/GameplayAbilities/Source/GameplayAbilities/Public/GameplayEffectComponents/AbilitiesGameplayEffectComponent.h,37,Grants additional Gameplay Abilities to the Target while the effect is active
UAdditionalEffectsGameplayEffectComponent,UCLASS,Engine/Plugins/Runtime/GameplayAbilities/Source/GameplayAbilities/Public/GameplayEffectComponents/AdditionalEffectsGameplayEffectComponent.h,12,Add additional Gameplay Effects that attempt to activate under certain conditions
UAssetTagsGameplayEffectComponent,UCLASS,Engine/Plugins/Runtime/GameplayAbilities/Source/GameplayAbilities/Public/GameplayEffectComponents/AssetTagsGameplayEffectComponent.h,12,Tags that the Gameplay Effect asset itself owns; do not transfer to Actors
UBlockAbilityTagsGameplayEffectComponent,UCLASS,Engine/Plugins/Runtime/GameplayAbilities/Source/GameplayAbilities/Public/GameplayEffectComponents/BlockAbilityTagsGameplayEffectComponent.h,12,Blocks activation of Gameplay Abilities based on Gameplay Tags for the Target
ECancelAbilityTagsGameplayEffectComponentMode,UENUM,Engine/Plugins/Runtime/GameplayAbilities/Source/GameplayAbilities/Public/GameplayEffectComponents/CancelAbilityTagsGameplayEffectComponent.h,13,When the ability cancellation logic for this component happens
UCancelAbilityTagsGameplayEffectComponent,UCLASS,Engine/Plugins/Runtime/GameplayAbilities/Source/GameplayAbilities/Public/GameplayEffectComponents/CancelAbilityTagsGameplayEffectComponent.h,24,Cancels active Gameplay Abilities based on Gameplay Tags for the Target
UChanceToApplyGameplayEffectComponent,UCLASS,Engine/Plugins/Runtime/GameplayAbilities/Source/GameplayAbilities/Public/GameplayEffectComponents/ChanceToApplyGameplayEffectComponent.h,13,Applies a probability to the application conditions of the Gameplay Effect
UCustomCanApplyGameplayEffectComponent,UCLASS,Engine/Plugins/Runtime/GameplayAbilities/Source/GameplayAbilities/Public/GameplayEffectComponents/CustomCanApplyGameplayEffectComponent.h,13,Configures a CustomApplicationRequirement to decide if this effect should apply
UImmunityGameplayEffectComponent,UCLASS,Engine/Plugins/Runtime/GameplayAbilities/Source/GameplayAbilities/Public/GameplayEffectComponents/ImmunityGameplayEffectComponent.h,15,Blocks application of other GameplayEffectSpecs (immunity)
URemoveOtherGameplayEffectComponent,UCLASS,Engine/Plugins/Runtime/GameplayAbilities/Source/GameplayAbilities/Public/GameplayEffectComponents/RemoveOtherGameplayEffectComponent.h,14,Remove other Gameplay Effects based on certain conditions
UTargetTagRequirementsGameplayEffectComponent,UCLASS,Engine/Plugins/Runtime/GameplayAbilities/Source/GameplayAbilities/Public/GameplayEffectComponents/TargetTagRequirementsGameplayEffectComponent.h,14,Tag requirements the Target must meet for this effect to apply or continue
UTargetTagsGameplayEffectComponent,UCLASS,Engine/Plugins/Runtime/GameplayAbilities/Source/GameplayAbilities/Public/GameplayEffectComponents/TargetTagsGameplayEffectComponent.h,12,Handles granting Tags to the Target of the Gameplay Effect
UGameplayEffectCustomApplicationRequirement,UCLASS,Engine/Plugins/Runtime/GameplayAbilities/Source/GameplayAbilities/Public/GameplayEffectCustomApplicationRequirement.h,15,Performs custom gameplay effect modifier calculations via blueprint or native code
FGameplayEffectCustomExecutionParameters,USTRUCT,Engine/Plugins/Runtime/GameplayAbilities/Source/GameplayAbilities/Public/GameplayEffectExecutionCalculation.h,20,Parameters for a custom gameplay effect execution
FGameplayEffectCustomExecutionOutput,USTRUCT,Engine/Plugins/Runtime/GameplayAbilities/Source/GameplayAbilities/Public/GameplayEffectExecutionCalculation.h,200,Output of a custom gameplay effect execution
UGameplayEffectExecutionCalculation,UCLASS,Engine/Plugins/Runtime/GameplayAbilities/Source/GameplayAbilities/Public/GameplayEffectExecutionCalculation.h,259,Custom execution calculation
EGameplayModEvaluationChannel,UENUM,Engine/Plugins/Runtime/GameplayAbilities/Source/GameplayAbilities/Public/GameplayEffectTypes.h,53,Valid gameplay modifier evaluation channels
FGameplayModEvaluationChannelSettings,USTRUCT,Engine/Plugins/Runtime/GameplayAbilities/Source/GameplayAbilities/Public/GameplayEffectTypes.h,73,Evaluation channel settings for a gameplay modifier
EGameplayModOp,UENUM,Engine/Plugins/Runtime/GameplayAbilities/Source/GameplayAbilities/Public/GameplayEffectTypes.h,111,Defines the ways that mods will modify attributes
EGameplayEffectStackingType,UENUM,Engine/Plugins/Runtime/GameplayAbilities/Source/GameplayAbilities/Public/GameplayEffectTypes.h,176,How multiple instances of the same GameplayEffect definition stack when applied
FGameplayModifierEvaluatedData,USTRUCT,Engine/Plugins/Runtime/GameplayAbilities/Source/GameplayAbilities/Public/GameplayEffectTypes.h,193,Data describing what happened in an attribute modification
FGameplayEffectContext,USTRUCT,Engine/Plugins/Runtime/GameplayAbilities/Source/GameplayAbilities/Public/GameplayEffectTypes.h,247,Stores an instigator and related data; games can subclass to add info
FGameplayEffectContextHandle,USTRUCT,Engine/Plugins/Runtime/GameplayAbilities/Source/GameplayAbilities/Public/GameplayEffectTypes.h,490,Wraps a FGameplayEffectContext or subclass for polymorphism and replication
FGameplayEffectRemovalInfo,USTRUCT,Engine/Plugins/Runtime/GameplayAbilities/Source/GameplayAbilities/Public/GameplayEffectTypes.h,809,Information pertinent to GameplayEffects as they are removed
FGameplayCueParameters,USTRUCT,Engine/Plugins/Runtime/GameplayAbilities/Source/GameplayAbilities/Public/GameplayEffectTypes.h,840,Metadata about a gameplay cue execution
EGameplayCueEvent,UENUM,Engine/Plugins/Runtime/GameplayAbilities/Source/GameplayAbilities/Public/GameplayEffectTypes.h,964,Indicates what type of action happened to a specific gameplay cue tag
EGameplayTagEventType,UENUM,Engine/Plugins/Runtime/GameplayAbilities/Source/GameplayAbilities/Public/GameplayEffectTypes.h,1031,Whether a tag was added or removed used in callbacks
EGameplayTagReplicationState,UENUM,Engine/Plugins/Runtime/GameplayAbilities/Source/GameplayAbilities/Public/GameplayEffectTypes.h,1049,Enum to describe replication rules for each tag
FGameplayTagCountItem,USTRUCT,Engine/Plugins/Runtime/GameplayAbilities/Source/GameplayAbilities/Public/GameplayEffectTypes.h,1059,Tag count item
FGameplayTagCountContainer,USTRUCT,Engine/Plugins/Runtime/GameplayAbilities/Source/GameplayAbilities/Public/GameplayEffectTypes.h,1101,Tracks counts of tag applications and fires events when counts change
FGameplayTagBlueprintPropertyMapping,USTRUCT,Engine/Plugins/Runtime/GameplayAbilities/Source/GameplayAbilities/Public/GameplayEffectTypes.h,1432,Updates a blueprint property with a gameplay tag count
FGameplayTagBlueprintPropertyMap,USTRUCT,Engine/Plugins/Runtime/GameplayAbilities/Source/GameplayAbilities/Public/GameplayEffectTypes.h,1479,Manages gameplay tag blueprint property mappings via ASC delegates
FGameplayTagRequirements,USTRUCT,Engine/Plugins/Runtime/GameplayAbilities/Source/GameplayAbilities/Public/GameplayEffectTypes.h,1522,Encapsulates require and ignore tags
FTagContainerAggregator,USTRUCT,Engine/Plugins/Runtime/GameplayAbilities/Source/GameplayAbilities/Public/GameplayEffectTypes.h,1557,Combines tags from different sources during effect execution
FGameplayEffectSpecHandle,USTRUCT,Engine/Plugins/Runtime/GameplayAbilities/Source/GameplayAbilities/Public/GameplayEffectTypes.h,1623,Lets blueprints generate a GameplayEffectSpec once and reference it by handle
FMinimalReplicationTagCountMap,USTRUCT,Engine/Plugins/Runtime/GameplayAbilities/Source/GameplayAbilities/Public/GameplayEffectTypes.h,1675,Map storing counts of tags optimized for replication
UGameplayEffectUIData,UCLASS,Engine/Plugins/Runtime/GameplayAbilities/Source/GameplayAbilities/Public/GameplayEffectUIData.h,15,Base class providing game-specific data for describing a Gameplay Effect in the UI
UGameplayEffectUIData_TextOnly,UCLASS,Engine/Plugins/Runtime/GameplayAbilities/Source/GameplayAbilities/Public/GameplayEffectUIData_TextOnly.h,14,Text-only GameplayEffect UI data for games that need only text
UGameplayModMagnitudeCalculation,UCLASS,Engine/Plugins/Runtime/GameplayAbilities/Source/GameplayAbilities/Public/GameplayModMagnitudeCalculation.h,14,Performs custom gameplay effect modifier calculations via blueprint or native code
FPredictionKey,USTRUCT,Engine/Plugins/Runtime/GameplayAbilities/Source/GameplayAbilities/Public/GameplayPrediction.h,295,Unique ID and dependent chains of prediction keys for client prediction
FReplicatedPredictionKeyItem,USTRUCT,Engine/Plugins/Runtime/GameplayAbilities/Source/GameplayAbilities/Public/GameplayPrediction.h,569,FastArray item for replicated prediction keys
FReplicatedPredictionKeyMap,USTRUCT,Engine/Plugins/Runtime/GameplayAbilities/Source/GameplayAbilities/Public/GameplayPrediction.h,594,Ring-buffer FastArray of acknowledged prediction keys
FGameplayTagReponsePair,USTRUCT,Engine/Plugins/Runtime/GameplayAbilities/Source/GameplayAbilities/Public/GameplayTagResponseTable.h,18,Tag response pair
FGameplayTagResponseTableEntry,USTRUCT,Engine/Plugins/Runtime/GameplayAbilities/Source/GameplayAbilities/Public/GameplayTagResponseTable.h,40,Response table entry
UGameplayTagReponseTable,UCLASS,Engine/Plugins/Runtime/GameplayAbilities/Source/GameplayAbilities/Public/GameplayTagResponseTable.h,61,Data driven table for applying gameplay effects based on tag count
FScalableFloat,USTRUCT,Engine/Plugins/Runtime/GameplayAbilities/Source/GameplayAbilities/Public/ScalableFloat.h,13,Generic numerical value in the form Value * Curve[Level]
FMovieSceneGameplayCueKey,USTRUCT,Engine/Plugins/Runtime/GameplayAbilities/Source/GameplayAbilities/Public/Sequencer/MovieSceneGameplayCueSections.h,18,Sequencer cue key
FMovieSceneGameplayCueChannel,USTRUCT,Engine/Plugins/Runtime/GameplayAbilities/Source/GameplayAbilities/Public/Sequencer/MovieSceneGameplayCueSections.h,78,Sequencer cue channel
UMovieSceneGameplayCueTriggerSection,UCLASS,Engine/Plugins/Runtime/GameplayAbilities/Source/GameplayAbilities/Public/Sequencer/MovieSceneGameplayCueSections.h,155,Movie scene section that triggers gameplay cues
UMovieSceneGameplayCueSection,UCLASS,Engine/Plugins/Runtime/GameplayAbilities/Source/GameplayAbilities/Public/Sequencer/MovieSceneGameplayCueSections.h,179,Movie scene section that triggers gameplay cues
UMovieSceneGameplayCueTrack,UCLASS,Engine/Plugins/Runtime/GameplayAbilities/Source/GameplayAbilities/Public/Sequencer/MovieSceneGameplayCueTrack.h,19,Movie scene track that triggers gameplay cues
FGameplayAbilityRepAnimMontageNetSerializerConfig,USTRUCT,Engine/Plugins/Runtime/GameplayAbilities/Source/GameplayAbilities/Public/Serialization/GameplayAbilityRepAnimMontageNetSerializer.h,8,Iris NetSerializer config for rep anim montage
FGameplayAbilityTargetDataHandleNetSerializerConfig,USTRUCT,Engine/Plugins/Runtime/GameplayAbilities/Source/GameplayAbilities/Public/Serialization/GameplayAbilityTargetDataHandleNetSerializer.h,8,Iris NetSerializer config for target data handle
FGameplayAbilityTargetingLocationInfoNetSerializerConfig,USTRUCT,Engine/Plugins/Runtime/GameplayAbilities/Source/GameplayAbilities/Public/Serialization/GameplayAbilityTargetingLocationInfoNetSerializer.h,8,Iris NetSerializer config for targeting location info
FGameplayEffectContextHandleNetSerializerConfig,USTRUCT,Engine/Plugins/Runtime/GameplayAbilities/Source/GameplayAbilities/Public/Serialization/GameplayEffectContextHandleNetSerializer.h,8,Iris NetSerializer config for effect context handle
FGameplayEffectContextNetSerializerConfig,USTRUCT,Engine/Plugins/Runtime/GameplayAbilities/Source/GameplayAbilities/Public/Serialization/GameplayEffectContextNetSerializer.h,8,Iris NetSerializer config for effect context
FGameplayTagCountContainerNetSerializerConfig,USTRUCT,Engine/Plugins/Runtime/GameplayAbilities/Source/GameplayAbilities/Public/Serialization/GameplayTagCountContainerNetSerializer.h,16,Iris NetSerializer config for tag count container
FNetGameplayTagCountContainerStateForNetSerialize,USTRUCT,Engine/Plugins/Runtime/GameplayAbilities/Source/GameplayAbilities/Public/Serialization/GameplayTagCountContainerNetSerializer.h,22,Serialization state for tag count container
FMinimalGameplayCueReplicationProxyNetSerializerConfig,USTRUCT,Engine/Plugins/Runtime/GameplayAbilities/Source/GameplayAbilities/Public/Serialization/MinimalGameplayCueReplicationProxyNetSerializer.h,8,Iris NetSerializer config for minimal cue proxy
FMinimalReplicationTagCountMapNetSerializerConfig,USTRUCT,Engine/Plugins/Runtime/GameplayAbilities/Source/GameplayAbilities/Public/Serialization/MinimalReplicationTagCountNetSerializer.h,8,Iris NetSerializer config for minimal tag count map
UTickableAttributeSetInterface,UINTERFACE,Engine/Plugins/Runtime/GameplayAbilities/Source/GameplayAbilities/Public/TickableAttributeSetInterface.h,11,Interface for attribute sets that need to tick to update state
FGameplayTagContainerNetSerializerConfig,USTRUCT,Engine/Source/Runtime/GameplayTags/Public/GameplayTagContainerNetSerializer.h,8,Iris NetSerializer config for tag containers
FGameplayTagNetSerializerConfig,USTRUCT,Engine/Source/Runtime/GameplayTags/Public/GameplayTagNetSerializer.h,8,Iris NetSerializer config for single tags
FGameplayTagRedirect,USTRUCT,Engine/Source/Runtime/GameplayTags/Public/GameplayTagRedirectors.h,18,A single redirect from a deleted tag to the new tag that should replace it
