格式,零拷贝直读,行级随机访问,列裁剪,Schema演进,Rust支持,C#支持及AOT/IL2CPP,WASM可用性,解码CPU成本,常驻内存,Canonical化,压缩配合度,可diff/review,工具链成熟度,已知产品/采用案例
JSON + JCS,"[E] 文本必须扫描/解析，不能在原始字节上按字段零拷贝；可用Utf8JsonReader减少中间字符串，但仍是解析。依据[S001,S092,S097]。",[E] 单一数组文件无索引时O(n)；必须另建ID→byte-range索引或一行一片。,[E] 不天然列裁剪；流式读取可跳过字段但仍需扫描语法。,[V] 自描述，新增未知字段可被宽容读取器忽略；删/改类型/默认值需应用层规则。[S001],[V] serde_json等成熟社区生态；JCS需专门实现或自写canonical writer。[S002],[V] System.Text.Json支持source generation，适合AOT；JCS需自定义canonical层。[S092],"[V] 无mmap依赖；浏览器可直接读取网络字节。大文件解析、UTF-16字符串膨胀是主要风险。[S089,S096]",[E] 高于紧凑二进制，成本来自UTF-8词法、数字解析、转义和分配。,[E] 若materialize为对象图最高；流式/按表解析可降低峰值。,"[V] RFC8785定义JCS，但仅覆盖I-JSON/IEEE754数值；字符串不自动Unicode归一化，需额外入口规范。[S002,S003]",[E] 文本重复度高，通用压缩效果通常好；整包压缩会破坏随机访问，需分块。,"[V] 原始JSON可读；JCS产物可读但格式化差。推荐review非canonical pretty镜像。[S001,S002]",[V] 极成熟；schema、生成器、lint工具多。,"[R] 游戏早期/诊断格式常见；Luban、xresloader均支持JSON输出，但公开商业规模数据不足。[S048,S050]"
JSON5,[E] 同JSON，需要解析。,[E] 同JSON，需外置索引。,[E] 不天然支持。,[E] 自描述但注释、尾逗号等不提供兼容协议；演进由应用层定义。[S004],[R] 多个社区解析器，质量不一。,[R] 社区库为主，AOT/裁剪能力逐库验证。,[V] 纯解析器可在WASM工作，无mmap依赖。,[E] 比严格JSON略高或相近。,[E] 通常materialize；与库实现有关。,[E] 规范未定义canonical编码；必须先归一到逻辑IR/JCS。,[E] 适合分块后压缩。,[V] 对人类编辑友好，注释收益高；机器间交换不宜依赖宽松语法。[S004],[R] 编辑/解析生态中等，跨语言一致性弱于JSON。,[R] 常作源文件/工具配置，公开大型游戏运行时案例不足。
YAML 1.2.2,[E] 语法复杂，必须解析；锚点/别名增加对象图语义。[S005],[E] 单文档无随机索引。,[E] 不天然支持。,[E] 自描述；schema演进完全由应用层，隐式类型/标签需严格profile。,[V] serde_yaml等社区实现；规范复杂导致实现差异需测试。,[R] YamlDotNet等社区库；反射、裁剪、AOT需显式验证。,[V] 纯托管/纯Rust解析可用；大文档启动与分配不利。,[E] 通常高于JSON。,[E] 对象图与字符串分配较高。,[E] 无通用canonical；锚点、映射顺序、标量表示使同值多编码。,[E] 压缩好，但需文件/块切分保持按需。,[V] 人读友好但缩进和隐式类型易制造review盲点。,[V] 通用DevOps生态成熟，游戏强类型生成链需另建。,[R] 常用于工具配置；作为大型游戏运行时表的公开证据薄。
TOML 1.1.0,[E] 必须解析。,[E] 单文件无主键索引。,[E] 不天然支持。,[E] 自描述；表/数组结构可演进，兼容规则由应用层。,[R] toml生态成熟。,[R] Tomlyn等社区库；AOT能力需验证。,[V] 无系统依赖，适合小型源配置。,[E] 文本解析成本。,[E] materialize后中等到高。,[E] 规范不定义canonical字节；需逻辑IR规范。,[E] 分文件/块压缩可行。,[V] 适合手写小型配置，超宽表/百万行不友好。,[V] 通用配置生态成熟，表格编辑/引用校验较弱。,[R] 工具/工程配置常见；大型游戏表案例不足。
CSV + CSVW,[E] 必须扫描分隔符/引号；可按行切片但字段仍需解析。[S007],[E] 可离线生成ID→文件偏移；换行/引号使随机定位必须基于已解析索引。,[E] 行式文件不天然；可按列拆文件。,[V] CSVW可外置列schema；纯CSV自身无类型与演进协议。[S008],[V] csv crate成熟。,[V] CsvHelper等成熟；sourcegen/AOT按库验证，也可自写简单reader。,[V] 容易在WASM使用。,[E] 低到中；数字/转义解析是成本。,[E] 解析成对象会膨胀；流式较低。,[E] RFC4180允许表示差异且方言众多；需固定方言、行序和数字格式。,[E] 文本压缩好；分表文件天然按需。,[V] 很强，但复杂嵌套/多行字段使diff变差。,[V] 极成熟；类型/引用/容器需schema工具补齐。,[V] Excel→CSV/TSV是经典中间路线；KSFramework等公开描述此流派。[S058]
MessagePack,[E] 顺序编码需解析到目标字段；可保留切片但不是表级零拷贝。[S009],[E] 默认无主键索引；按行block+偏移表可O(1)/O(log n)。,[E] 不天然列裁剪。,[E] 数组/映射可表达新增字段，但兼容规则和key策略由应用层。,[V] rmp/serde生态成熟。,[V] MessagePack-CSharp具source generator与AOT路径；Unity需按其AOT说明配置。[S010],[V] 纯托管可用；无mmap要求。,[E] 低到中，主要是变长整数、tag与对象构造。,[E] 紧凑字节低；若生成对象仍有托管膨胀。,[E] 规范允许map任意顺序、整数多种宽度；需自定义canonical profile。,[E] 已紧凑，仍可按独立块压缩；整包压缩破坏随机访问。,[E] 二进制不可直接review，需dump/语义diff。,"[V] 多语言成熟；游戏工具Luban/xresloader支持。[S048,S050]","[R] xresloader推荐协议二进制/MsgPack输出；具体商业项目未公开。[S050,S051]"
CBOR,[E] 需解析major type；可跳过但非结构内零拷贝。[S011],[E] 默认无ID索引；可加tag/索引层。,[E] 不天然。,[E] 自描述，应用层定义字段兼容；tag可扩展但跨语言支持不一。,[R] ciborium/serde_cbor等社区库。,[V] System.Formats.Cbor提供.NET实现；AOT风险较低但目标版本需实测。[S012],[V] 无mmap依赖。,[E] 低到中。,[E] 字节紧凑；对象materialize仍膨胀。,[V] RFC8949 §4.2给deterministic encoding，但应用还需定map key/Unicode/float策略。[S011],[E] 可块压缩；自身紧凑。,[E] 二进制，需诊断导出。,[V] 标准成熟，游戏专用生成/校验生态较弱。,[R] 广泛用于协议/IoT；公开游戏配表案例不足。
BSON 1.1,[E] 文档带长度可跳过，但字段访问仍扫描键，非表零拷贝。[S013],[E] 单文档/数组无主键索引；数据库层另说。,[E] 不天然。,[E] 自描述；字段兼容由应用层。,[R] bson crate/MongoDB生态。,[V] MongoDB.Bson成熟；AOT/trim需验证。,[E] 纯托管可用，但格式相对膨胀，不适合包体敏感首选。,[E] 中等，键名重复。,[E] 二进制本体较大，对象图更高。,[E] 元素有顺序但逻辑map顺序/数值类型仍需固定profile。,[E] 压缩收益可观；仍需分块。,[E] 需dump。,[V] MongoDB工具链成熟，游戏配表生态弱。,[R] 无有力公开游戏配表产品案例。
Protocol Buffers,[E] wire format需解析；未知字段保留/跳过，但不是随机字段零拷贝。[S014],[E] repeated rows默认线性；需显式生成key index或每行独立message。,[E] 行式message不天然列裁剪。,"[V] 字段号+presence规则成熟；不得重用tag，类型变更受限。[S015,S016,S017]",[V] prost/protobuf等成熟，官方跨语言规范。,[V] 官方C#生成器成熟；AOT通常可通过生成类型实现，反射descriptor/trim仍需测试。,[V] 可在.NET WASM使用，无mmap依赖。,[E] 低到中，varint和对象构造。,[E] wire紧凑；生成对象有明显膨胀。,[V] 官方明确“deterministic serialization不等于canonical”，跨语言/版本不可依赖原始字节Hash。[S018],[E] 可按message/块压缩；无内建seek table。,[E] .proto可review，data binary不可，需dump。,[V] 极成熟，多语言代码生成/校验生态强。,"[R] xresloader/Tableau等配表工具采用；命名商业游戏公开数据不足。[S050,S056]"
Apache Thrift,[E] 常用协议需要反序列化。,[E] 无表主键索引。,[E] 不天然。,[V] 字段ID、optional/required、union等提供演进基础；required演进风险大。[S031],[V] Rust实现存在，成熟度按实现。,[V] 官方/社区C#生成路径；AOT需生成代码与运行库实测。,[E] 理论可纯托管，实际包/运行库需验证。,[E] 低到中。,[E] 对象materialize。,[E] 协议未为配置Hash定义canonical。,[E] 外部分块压缩。,[E] IDL可review，data不可。,[V] RPC生态成熟，游戏配表工具生态弱。,[R] 无充分公开游戏配表案例。
Apache Avro 1.12,[E] 二进制按writer schema顺序解析。,[E] object container可block定位但主键仍需索引。,[E] 行式Avro不天然；与列式不同。,[V] writer/reader schema resolution、aliases/unions提供成熟演进。[S032],[R] Rust apache-avro社区/Apache生态。,[V] Apache.Avro .NET可用；AOT与反射需测。,[E] 可纯托管，但库体积与动态schema路径需测。,[E] 中等，schema resolution有成本。,[E] 通常materialize。,[E] spec有排序语义但未直接等于跨实现canonical文件；需逻辑Hash。,[V] object container支持codec/block，随机主键仍需外部index。,[E] schema可review，binary data需dump。,[V] 数据工程成熟，游戏运行时生态弱。,[R] 无充分公开游戏配表案例。
FlatBuffers,"[V] 核心能力：buffer内按offset访问，无预解析/对象构造；要求little-endian与对齐规则。[S019,S020]",[E] vector按位置O(1)；按ID需排序后二分或额外hash/index。,[E] 行式table可只触及读取字段，但物理数据交错，不是列式I/O裁剪。,[V] 允许末尾加字段、保留ID等受约束演进；改变既有字段类型不安全。[S021],[V] 官方Rust生成器/运行库。[S023],[V] 官方C#生成器，支持Span/unsafe选项；AOT可行但生成规模需测。[S022],[V] 无mmap硬依赖，可在下载到内存的byte buffer上读。,[V] 低，主要边界检查与间接offset。,[V] 可直接持有buffer，避免每行对象；索引/字符串解码另计。,[E] 合法布局可能不同，原始buffer非天然canonical；需canonical builder约束或逻辑IR hash。[S020],[E] buffer可按表/分片独立压缩；压缩块内需先解压。,[E] schema可review，data不可；可生成JSON诊断。,[V] 多语言工具成熟；校验器与游戏表引用语义需另建。,[R] Luban支持FlatBuffers输出；公开商业游戏与规模数据不足。[S048]
Cap'n Proto,[V] 消息即内存布局，读取无需传统解析；指针为相对word offset。[S024],[E] list位置O(1)；按业务ID仍需索引。,[E] 可按字段访问但不是列式远程裁剪。,[V] schema evolution有明确限制，ordinal稳定。[S025],[R] Rust capnp实现活跃但非参考C++实现。,[R] C#实现属于第三方语言实现，官方页面明确不由原作者统一审查。[S026],[E] 可编译到WASM，但C#/Rust双栈成熟度和包体需实测。,[V] 低，访问包含pointer traversal/边界。,[V] buffer view低。,"[V] 规范定义canonical form；默认编码器通常不自动产出，需显式canonicalize。[S024,S027]",[E] packing/外部分块；随机块需索引。,[E] schema可review，data不可。,[R] 核心规范成熟；C#生态弱于Protobuf/FlatBuffers。,[R] 未找到成熟游戏配表公开案例。
rkyv,[V] Rust内直接访问Archived类型；bytecheck可验证。[S028],[E] 可设计数组/索引，但不是自动业务主键索引。,[E] 取决于自定义布局，默认结构导向。,[E] 归档布局绑定Rust类型和format controls，迁移能力弱；选项改变可破坏旧数据。[S029],[V] 原生强项。,[E] 无官方C# reader；共享同一产物需另写规范/读取器，失去主要收益。,[V] Rust WASM可用；.NET WASM双读不合适。,[V] Rust侧很低。,[V] Rust侧零拷贝低；跨FFI后复杂。,[E] 默认归档字节不应直接作为长期跨版本canonical；需锁定全部format controls。,[E] 可外部分块压缩。,[E] data二进制。,[V] Rust生态成熟，跨语言工具不足。,[R] Rust应用采用多；未找到Rust+C#游戏配表公开先例。
bincode 2.0.1,[E] 紧凑反序列化，不是通用零拷贝。,[E] 无业务索引。,[E] 不支持。,[E] 与Rust类型/serde模型强绑定，schema演进需自建版本/迁移。[S030],[V] Rust成熟。,[E] 无官方C#协议/生成器；需重复实现spec。,[V] Rust WASM可用；.NET双读不优。,[V] 低。,[E] bytes紧凑，但通常materialize。,[E] 配置选项、类型演进必须锁死；不是跨语言canonical标准。,[E] 可分块压缩。,[E] data不可review。,[V] Rust工具成熟，跨语言弱。,[R] 常作Rust内部持久化；不适合作为本画像共享格式首选。
Arrow IPC / Feather,"[V] 列式连续buffer，C Data Interface支持进程内零拷贝交换；IPC用于跨进程/文件。[S033,S034]",[E] 按row取20列需触及多个column buffers；ID索引另建。,[V] 天然列裁剪，适合批扫描。,[E] schema可带metadata，字段兼容需应用层版本策略。,[V] Arrow Rust官方生态。[S036],[V] Arrow .NET官方，使用Memory/Span；部分大数组限制需留意。[S035],[V] 不强依赖mmap，可从内存buffer读；库/包体与分配需测。,[V] 批量列访问低；单行跨列访问缓存局部性差。,[V] 可持有列buffer；字符串offset/data两buffer。,[E] IPC存在多种合法批次/字典安排，需逻辑canonical层。,[V] IPC可分record batch；外层块压缩；随机块需manifest。,[E] schema可review，data需工具。,[V] 数据工程工具非常成熟，游戏访问器生态弱。,[R] 广泛分析系统采用；未找到作为主游戏配表运行时的公开案例。
Parquet,[E] 磁盘列式压缩格式，需解码page，不是运行时字段零拷贝。[S037],[E] 无业务主键O(1)；row group/page index和统计可跳过范围，点查需专门索引。[S038],[V] 核心优势，按column chunk/page读取。,[E] schema evolution由读者/逻辑类型约定，复杂变更需迁移。,[V] parquet/arrow-rs成熟。,[R] Parquet.Net/ParquetSharp等；AOT/WASM需专项验证。,[E] 理论可纯托管，但库体积、codec与range I/O复杂；不宜未测即选。,[E] 批扫描高效；点查一行的固定开销偏高。,[V] 压缩列驻留可低，但解码batch/字典/页缓存占峰值。,[E] 文件布局、page大小、codec等多种合法表示，不适合作原始Hash。,"[V] 行组、列块、页、字典、RLE/delta天然结合压缩与跳读。[S037,S108]",[E] schema/metadata可查看，数据不适合code review。,[V] 分析生态极成熟。,[R] 数据湖/分析广泛；作为Gameplay点查表证据不足。
SQLite,"[E] B-tree page按需解析，非业务结构零拷贝；mmap可减少复制但WASM不具同样条件。[S039,S040]",[V] PRIMARY KEY/index提供O(log n)点查；covering index可减少page请求。[S110],[E] 通过SELECT只取列，但行存页仍可能带其它字段；covering index是真裁剪近似。,[V] ALTER/migration成熟，但发布只读DB仍需显式schema版本。,[V] rusqlite/sqlx等成熟，需native/wasm构建。,[V] Microsoft.Data.Sqlite等成熟；IL2CPP/.NET WASM native集成是高风险实测项。,"[R] SQLite官方WASM/OPFS可用；sql.js-httpvfs证明静态Range读取可行，但与.NET WASM直接集成不同。[S041,S042]",[E] 点查低到中，SQL VM+B-tree/page cache；首个range RTT可能主导。,[E] page cache+query结果；可控但非零。,[E] 文件可能因page布局/vacuum等变化而字节不同；应hash逻辑导出或发布字节并禁止重写。,[V] 页级访问与page cache天然；压缩不是SQLite核心能力，外层整库压缩会破坏随机访问。,[E] schema/SQL可review，DB二进制需语义dump。,[V] 调试/查询/迁移工具极成熟。,[R] sql.js-httpvfs公开演示670MiB/8M行，但作者称PoC且缺cache eviction/tests；不能外推游戏体验。[S042]
自研 typed binary（分块容器）,[E] 可设计为relative offsets+validated views，接近FlatBuffers；安全性完全取决于规范与验证器。,[E] 可把ID→chunk/offset/length作为一等索引，实现O(1)/O(log n)。,[E] 可按列、字段sidecar或混合布局定制。,[E] 必须自定义schema版本、兼容矩阵、迁移工具；维护成本最高。,[E] 可生成Rust reader。,[E] 可生成C# Span reader，天然AOT；必须控制泛型/代码量。,[E] 可避免mmap并面向HTTP chunk/range设计。,[E] 可做到很低；需基准证实。,[E] 可做到buffer-view+共享string pool；需实测目标runtime。,[E] 可以把canonical逻辑IR与物理布局分离，最符合本画像；但规范、测试向量和双实现一致性都要自建。,[E] 可把每chunk设独立Zstd/LZ4 frame并用manifest seek；最灵活。,[E] 二进制不可review，必须生成canonical text/semantic diff。,[E] 工具全自建：compiler、validator、dump、fuzzer、golden vectors。,[R] 大量团队被认为会走向自研，但公开可核产品/规范很少；本报告不把该说法当行业共识。
