version_node,breaking_change,old_world_handling,typical_trap,confidence,sources
Java 1.2.1 / Anvil era,Anvil `.mca` region and 16-high sections; expanded world height,older region conversion; exact earliest corpus remains required,old tools assume only current `.mca`; old files may lack modern DataVersion,Reported,"S005,S088"
Java 1.13,The Flattening: numeric block ID/metadata to namespaced block states,DataFix chain upgrades old data,registry/state mapping and removed mod IDs,Verified,"S008,S014"
Java 1.15 era,oversized region chunk externalized as `c.<x>.<z>.mcc` with external flag,reader follows external payload; backup must include it,copying only `.mca` loses data; two-object consistency,Verified/Reported,"S006,S079"
Java 1.16,paletted indices no longer span 64-bit long boundaries,DataVersion-aware decoder; saving rewrites current form,old compact decoder shifts all later values,Verified,S007
Java 1.16,synchronous region write mode to reduce crash loss/corruption,new write discipline; old worlds readable,header/data partial-write history,Verified,S007
Java 1.17,entities stored in separate entity region files,upgrade/save moves entity records,tools/backup that copy only terrain lose entities,Verified/Reported,"S009,S012"
Java 1.18,root layout change; negative Y and 384 height; section block_states/biomes containers,DFU plus below-zero retrogen/terrain blending,"fixed section counts, unsigned Y, old tag paths fail",Verified,"S010,S078"
Java 24w04a / 1.20.5 path,configurable LZ4 region compression; mixed compression and optimization rewrite,existing chunks not automatically recompressed,zlib-only parser rejects compression marker; physical bytes change,Verified,"S011,S029,S083"
Bedrock 1.18.20/1.18.30 era,legacy actor blob to individual actor keys plus chunk actor index/digest,compatibility migration in actor storage,readers of legacy entity tag miss modern actors,Verified,S017
